Title,Price,Star,Rating,Genre,Badge,Url,ASIN
A Promised Land,$27.00,4.4 out of 5 stars,92,Empty,#1 on Amazon Charts,https://www.amazon.com//Promised-Land-Barack-Obama/dp/1524763160/ref=sr_1_1?dchild=1&fst=as%3Aoff&qid=1603803269&refinements=p_n_publication_date%3A1250226011&rnid=1250225011&s=books&sr=1-1,1524763160
Greenlights,$0.00,4.7 out of 5 stars,"3,255",Empty,#1 on Amazon Charts,https://www.amazon.com//Greenlights/dp/B08HLW2JXD/ref=sr_1_2?dchild=1&fst=as%3Aoff&qid=1603803269&refinements=p_n_publication_date%3A1250226011&rnid=1250225011&s=books&sr=1-2,B08HLW2JXD
The Deep End (Diary of a Wimpy Kid Book 15),$7.98,4.9 out of 5 stars,"4,115",Empty,Teachers' pick,https://www.amazon.com//Deep-End-Diary-Wimpy-Book/dp/1419748688/ref=sr_1_3?dchild=1&fst=as%3Aoff&qid=1603803269&refinements=p_n_publication_date%3A1250226011&rnid=1250225011&s=books&sr=1-3,1419748688
Tasha's Cauldron of Everything (D&D Rules Expansion) (Dungeons & Dragons),$29.97,3.1 out of 5 stars,26,Empty,#12 on Amazon Charts,https://www.amazon.com//Cauldron-Everything-Expansion-Dungeons-Dragons/dp/0786967021/ref=sr_1_4?dchild=1&fst=as%3Aoff&qid=1603803269&refinements=p_n_publication_date%3A1250226011&rnid=1250225011&s=books&sr=1-4,0786967021
A Wealth of Pigeons: A Cartoon Collection,$19.58,3.3 out of 5 stars,3,in Pop Culture Art,Best Seller,https://www.amazon.com//Wealth-Pigeons-Cartoon-Collection/dp/1250262895/ref=sr_1_5?dchild=1&fst=as%3Aoff&qid=1603803269&refinements=p_n_publication_date%3A1250226011&rnid=1250225011&s=books&sr=1-5,1250262895
"Rhythm of War: The Stormlight Archive, Book 4",$0.00,4.5 out of 5 stars,20,Empty,#10 on Amazon Charts,https://www.amazon.com//Rhythm-of-War/dp/B082FQRWWR/ref=sr_1_6?dchild=1&fst=as%3Aoff&qid=1603803269&refinements=p_n_publication_date%3A1250226011&rnid=1250225011&s=books&sr=1-6,B082FQRWWR
The World Needs Who You Were Made to Be,$13.67,4.8 out of 5 stars,104,Empty,Teachers' pick,https://www.amazon.com//World-Needs-Who-Were-Made/dp/1400314232/ref=sr_1_7?dchild=1&fst=as%3Aoff&qid=1603803269&refinements=p_n_publication_date%3A1250226011&rnid=1250225011&s=books&sr=1-7,1400314232
"Dolly Parton, Songteller: My Life in Lyrics",$30.00,5.0 out of 5 stars,15,in Country Music,Best Seller,https://www.amazon.com//Dolly-Parton-Songteller-Life-Lyrics/dp/1797205099/ref=sr_1_8?dchild=1&fst=as%3Aoff&qid=1603803269&refinements=p_n_publication_date%3A1250226011&rnid=1250225011&s=books&sr=1-8,1797205099
First Principles: What America's Founders Learned from the Greeks and Romans and How That Shaped Our Country,$17.99,4.4 out of 5 stars,49,Empty,#3 on Amazon Charts,https://www.amazon.com//First-Principles-Americas-Founders-Learned/dp/0062997459/ref=sr_1_9?dchild=1&fst=as%3Aoff&qid=1603803269&refinements=p_n_publication_date%3A1250226011&rnid=1250225011&s=books&sr=1-9,0062997459
Uncomfortable Conversations with a Black Man,$16.79,4.8 out of 5 stars,130,Empty,Oprah's Favorites,https://www.amazon.com//Uncomfortable-Conversations-Black-Emmanuel-Acho/dp/1250800463/ref=sr_1_10?dchild=1&fst=as%3Aoff&qid=1603803269&refinements=p_n_publication_date%3A1250226011&rnid=1250225011&s=books&sr=1-10,1250800463
The Ickabog,$16.19,4.7 out of 5 stars,273,Empty,#5 on Amazon Charts,https://www.amazon.com//Ickabog-J-K-Rowling/dp/1338732870/ref=sr_1_11?dchild=1&fst=as%3Aoff&qid=1603803269&refinements=p_n_publication_date%3A1250226011&rnid=1250225011&s=books&sr=1-11,1338732870
The Law of Innocence (Mickey Haller Book 6),$14.99,4.5 out of 5 stars,"2,341",Empty,#1 on Amazon Charts,https://www.amazon.com//Law-Innocence-Lincoln-Lawyer-Book-ebook/dp/B0852ZXJSD/ref=sr_1_12?dchild=1&fst=as%3Aoff&qid=1603803269&refinements=p_n_publication_date%3A1250226011&rnid=1250225011&s=books&sr=1-12,B0852ZXJSD
"Pappyland: A Story of Family, Fine Bourbon, and the Things That Last",$17.49,4.3 out of 5 stars,37,in Wine,Best Seller,https://www.amazon.com//Pappyland-Story-Family-Bourbon-Things/dp/0735221251/ref=sr_1_13?dchild=1&fst=as%3Aoff&qid=1603803269&refinements=p_n_publication_date%3A1250226011&rnid=1250225011&s=books&sr=1-13,0735221251
"Clanlands: Whisky, Warfare, and a Scottish Adventure Like No Other",$0.00,4.9 out of 5 stars,852,Empty,#13 on Amazon Charts,https://www.amazon.com//Clanlands-Whisky-Warfare-Scottish-Adventure/dp/B08G1Y9XFG/ref=sr_1_14?dchild=1&fst=as%3Aoff&qid=1603803269&refinements=p_n_publication_date%3A1250226011&rnid=1250225011&s=books&sr=1-14,B08G1Y9XFG
5 More Sleeps ‘til Christmas,$11.98,4.9 out of 5 stars,360,Empty,Empty,https://www.amazon.com//5-More-Sleeps-til-Christmas/dp/1250266475/ref=sr_1_15?dchild=1&fst=as%3Aoff&qid=1603803269&refinements=p_n_publication_date%3A1250226011&rnid=1250225011&s=books&sr=1-15,1250266475
I Would Leave Me If I Could.: A Collection of Poetry,$14.99,4.8 out of 5 stars,279,Empty,#20 on Amazon Charts,https://www.amazon.com//Untitled-Poetry-Collection-Confirmed-Schuster/dp/1982135603/ref=sr_1_16?dchild=1&fst=as%3Aoff&qid=1603803269&refinements=p_n_publication_date%3A1250226011&rnid=1250225011&s=books&sr=1-16,1982135603
"Forgiving What You Can't Forget: Discover How to Move On, Make Peace with Painful Memories, and Create a Life That’s Beautiful Again",$14.99,5.0 out of 5 stars,3,in Christian Theology,Best Seller,https://www.amazon.com//Forgiving-What-You-Cant-Forget/dp/0718039874/ref=sr_1_17?dchild=1&fst=as%3Aoff&qid=1605801188&refinements=p_n_publication_date%3A1250226011&rnid=1250225011&s=books&sr=1-17,0718039874
Fortune and Glory: A Novel (A Stephanie Plum Novel Book 27),$14.99,4.6 out of 5 stars,"2,608",Empty,#6 on Amazon Charts,https://www.amazon.com//Fortune-Glory-Novel-Stephanie-Plum-ebook/dp/B085DQTY3P/ref=sr_1_18?dchild=1&fst=as%3Aoff&qid=1605801188&refinements=p_n_publication_date%3A1250226011&rnid=1250225011&s=books&sr=1-18,B085DQTY3P
The Best of Me,$0.00,4.6 out of 5 stars,204,Empty,#19 on Amazon Charts,https://www.amazon.com//The-Best-of-Me/dp/B08H8STW83/ref=sr_1_19?dchild=1&fst=as%3Aoff&qid=1605801188&refinements=p_n_publication_date%3A1250226011&rnid=1250225011&s=books&sr=1-19,B08H8STW83
No Time Like the Future: An Optimist Considers Mortality,$17.68,3.8 out of 5 stars,4,in Biographies of People with Disabilities,Best Seller,https://www.amazon.com//Time-Like-Future-Considers-Mortality/dp/1250265614/ref=sr_1_20?dchild=1&fst=as%3Aoff&qid=1605801188&refinements=p_n_publication_date%3A1250226011&rnid=1250225011&s=books&sr=1-20,1250265614
Home Body,$11.26,4.5 out of 5 stars,18,in Poetry by Women,Best Seller,https://www.amazon.com//Home-Body-Rupi-Kaur/dp/1449486800/ref=sr_1_21?dchild=1&fst=as%3Aoff&qid=1605801188&refinements=p_n_publication_date%3A1250226011&rnid=1250225011&s=books&sr=1-21,1449486800
"The Greatest Beer Run Ever: A Memoir of Friendship, Loyalty, and War",$25.19,4.7 out of 5 stars,109,Empty,#18 on Amazon Charts,https://www.amazon.com//Greatest-Beer-Run-Ever-Friendship/dp/0062995464/ref=sr_1_22?dchild=1&fst=as%3Aoff&qid=1605801188&refinements=p_n_publication_date%3A1250226011&rnid=1250225011&s=books&sr=1-22,0062995464
Heroes' Feast (Dungeons & Dragons): The Official D&D Cookbook,$14.99,4.8 out of 5 stars,420,"in Science Fiction, Fantasy & Horror Television",Best Seller,https://www.amazon.com//Heroes-Feast-Official-Dungeons-Cookbook/dp/1984858904/ref=sr_1_23?dchild=1&fst=as%3Aoff&qid=1605801188&refinements=p_n_publication_date%3A1250226011&rnid=1250225011&s=books&sr=1-23,1984858904
The Sentinel: A Jack Reacher Novel,$14.99,4.2 out of 5 stars,"10,096",Empty,#4 on Amazon Charts,https://www.amazon.com//Sentinel-Jack-Reacher-Novel-ebook/dp/B084FLW5KM/ref=sr_1_24?dchild=1&fst=as%3Aoff&qid=1605801188&refinements=p_n_publication_date%3A1250226011&rnid=1250225011&s=books&sr=1-24,B084FLW5KM
"The Unofficial Disney Parks Cookbook: From Delicious Dole Whip to Tasty Mickey Pretzels, 100 Magical Disney-Inspired Recipes (Unofficial Cookbook)",$13.19,4.7 out of 5 stars,113,in Theme Park Travel Guides,Best Seller,https://www.amazon.com//Unofficial-Disney-Parks-Cookbook-Disney-Inspired/dp/1507214510/ref=sr_1_25?dchild=1&fst=as%3Aoff&qid=1605801188&refinements=p_n_publication_date%3A1250226011&rnid=1250225011&s=books&sr=1-25,1507214510
Unlocked Book 8.5 (Keeper of the Lost Cities),$16.09,3.3 out of 5 stars,34,Empty,Teachers' pick,https://www.amazon.com//Unlocked-Book-Keeper-Lost-Cities/dp/1534463429/ref=sr_1_26?dchild=1&fst=as%3Aoff&qid=1605801188&refinements=p_n_publication_date%3A1250226011&rnid=1250225011&s=books&sr=1-26,1534463429
This Is Your Time,$14.39,4.5 out of 5 stars,61,in Children's Black & African American Story Books,Best Seller,https://www.amazon.com//This-Your-Time-Ruby-Bridges/dp/0593378520/ref=sr_1_27?dchild=1&fst=as%3Aoff&qid=1605801188&refinements=p_n_publication_date%3A1250226011&rnid=1250225011&s=books&sr=1-27,0593378520
"Harry Potter and the Sorcerer's Stone: MinaLima Edition (Harry Potter, Book 1) (1)",$22.79,5.0 out of 5 stars,475,Empty,Empty,https://www.amazon.com//Harry-Potter-Sorcerers-Stone-MinaLima/dp/1338596705/ref=sr_1_28?dchild=1&fst=as%3Aoff&qid=1605801188&refinements=p_n_publication_date%3A1250226011&rnid=1250225011&s=books&sr=1-28,1338596705
Talking to GOATs: The Moments You Remember and the Stories You Never Heard,$23.19,3.5 out of 5 stars,71,in Journalist Biographies,Best Seller,https://www.amazon.com//Talking-GOATs-Jim-Gray/dp/0062992066/ref=sr_1_29?dchild=1&fst=as%3Aoff&qid=1605801188&refinements=p_n_publication_date%3A1250226011&rnid=1250225011&s=books&sr=1-29,0062992066
Frontier Follies: Adventures in Marriage and Motherhood in the Middle of Nowhere,$18.89,5.0 out of 5 stars,3,in Motherhood,Best Seller,https://www.amazon.com//Frontier-Follies/dp/0062962752/ref=sr_1_30?dchild=1&fst=as%3Aoff&qid=1605801188&refinements=p_n_publication_date%3A1250226011&rnid=1250225011&s=books&sr=1-30,0062962752
Daylight (An Atlee Pine Thriller Book 3),$14.99,4.5 out of 5 stars,223,in Suspense,Best Seller,https://www.amazon.com//Daylight-Atlee-Pine-Thriller-Book-ebook/dp/B085C6J29D/ref=sr_1_31?dchild=1&fst=as%3Aoff&qid=1605801188&refinements=p_n_publication_date%3A1250226011&rnid=1250225011&s=books&sr=1-31,B085C6J29D
Dessert Person: Recipes and Guidance for Baking with Confidence,$17.98,4.9 out of 5 stars,369,in Dessert Baking,Best Seller,https://www.amazon.com//Dessert-Person-Recipes-Guidance-Confidence/dp/1984826964/ref=sr_1_32?dchild=1&fst=as%3Aoff&qid=1605801188&refinements=p_n_publication_date%3A1250226011&rnid=1250225011&s=books&sr=1-32,1984826964
Made for Living: Collected Interiors for All Sorts of Styles,$35.49,4.6 out of 5 stars,109,in Feng Shui,Best Seller,https://www.amazon.com//Made-Living-Collected-Interiors-Styles/dp/1984823914/ref=sr_1_33?dchild=1&fst=as%3Aoff&qid=1605801208&refinements=p_n_publication_date%3A1250226011&rnid=1250225011&s=books&sr=1-33,1984823914
The Book on Pie: Everything You Need to Know to Bake Perfect Pies,$31.50,4.8 out of 5 stars,73,Empty,Empty,https://www.amazon.com//Book-Pie-Everything-Need-Perfect/dp/0358229286/ref=sr_1_34?dchild=1&fst=as%3Aoff&qid=1605801208&refinements=p_n_publication_date%3A1250226011&rnid=1250225011&s=books&sr=1-34,0358229286
One Life,$18.66,4.6 out of 5 stars,51,in Soccer Biographies,Best Seller,https://www.amazon.com//One-Life-Megan-Rapinoe/dp/1984881167/ref=sr_1_35?dchild=1&fst=as%3Aoff&qid=1605801208&refinements=p_n_publication_date%3A1250226011&rnid=1250225011&s=books&sr=1-35,1984881167
The Bad Guys in The One?! (The Bad Guys #12) (12),$6.99,4.7 out of 5 stars,180,Empty,Teachers' pick,https://www.amazon.com//Bad-Guys-One-12/dp/1338329502/ref=sr_1_36?dchild=1&fst=as%3Aoff&qid=1605801208&refinements=p_n_publication_date%3A1250226011&rnid=1250225011&s=books&sr=1-36,1338329502
Fritz the Farting Reindeer: A Story About a Reindeer Who Farts,$11.50,4.5 out of 5 stars,25,Empty,Empty,https://www.amazon.com//Fritz-Farting-Reindeer-Story-About/dp/1953399150/ref=sr_1_37?dchild=1&fst=as%3Aoff&qid=1605801208&refinements=p_n_publication_date%3A1250226011&rnid=1250225011&s=books&sr=1-37,1953399150
A Republic Under Assault: The Left's Ongoing Attack on American Freedom (3) (Judicial Watch),$18.62,4.7 out of 5 stars,100,Empty,Empty,https://www.amazon.com//Republic-Under-Assault-American-Judicial/dp/1982163658/ref=sr_1_38?dchild=1&fst=as%3Aoff&qid=1605801208&refinements=p_n_publication_date%3A1250226011&rnid=1250225011&s=books&sr=1-38,1982163658
Freddie The Farting Snowman: A Funny Read Aloud Picture Book For Kids And Adults About Snowmen Farts and Toots (Toots and Farts),$10.94,4.3 out of 5 stars,21,in Children's General Humor Books,Best Seller,https://www.amazon.com//Freddie-Farting-Snowman-Picture-Snowmen/dp/B08M21XL12/ref=sr_1_39?dchild=1&fst=as%3Aoff&qid=1605801208&refinements=p_n_publication_date%3A1250226011&rnid=1250225011&s=books&sr=1-39,B08M21XL12
The Wonder Boy of Whistle Stop: A Novel,$14.99,4.7 out of 5 stars,807,Empty,Empty,https://www.amazon.com//Wonder-Boy-Whistle-Stop-Novel-ebook/dp/B084M6GFMG/ref=sr_1_40?dchild=1&fst=as%3Aoff&qid=1605801208&refinements=p_n_publication_date%3A1250226011&rnid=1250225011&s=books&sr=1-40,B084M6GFMG
Group: How One Therapist and a Circle of Strangers Saved My Life,$17.33,4.4 out of 5 stars,337,Empty,Empty,https://www.amazon.com//Group-How-One-Therapist-Circle-Strangers-Saved-My-Life/dp/1982154616/ref=sr_1_41?dchild=1&fst=as%3Aoff&qid=1605801208&refinements=p_n_publication_date%3A1250226011&rnid=1250225011&s=books&sr=1-41,1982154616
White Ivy: A Novel,$13.99,4.1 out of 5 stars,278,in Asian American Literature,Best Seller,https://www.amazon.com//White-Ivy-Novel-Susie-Yang-ebook/dp/B084G9ZJC4/ref=sr_1_42?dchild=1&fst=as%3Aoff&qid=1605801208&refinements=p_n_publication_date%3A1250226011&rnid=1250225011&s=books&sr=1-42,B084G9ZJC4
"Joe Biden: The Life, the Run, and What Matters Now",$15.99,4.3 out of 5 stars,81,Empty,Empty,https://www.amazon.com//Joe-Biden-Life-What-Matters/dp/1982174021/ref=sr_1_43?dchild=1&fst=as%3Aoff&qid=1605801208&refinements=p_n_publication_date%3A1250226011&rnid=1250225011&s=books&sr=1-43,1982174021
"Empty Out the Negative: Make Room for More Joy, Greater Confidence, and New Levels of Influence",$18.39,4.6 out of 5 stars,51,Empty,Empty,https://www.amazon.com//Empty-Out-Negative-Confidence-Influence/dp/154601599X/ref=sr_1_44?dchild=1&fst=as%3Aoff&qid=1605801208&refinements=p_n_publication_date%3A1250226011&rnid=1250225011&s=books&sr=1-44,154601599X
Apollo's Arrow: The Profound and Enduring Impact of Coronavirus on the Way We Live,$27.55,4.7 out of 5 stars,41,in Respiratory Diseases,Best Seller,https://www.amazon.com//Apollos-Arrow-Profound-Enduring-Coronavirus/dp/0316628212/ref=sr_1_45?dchild=1&fst=as%3Aoff&qid=1605801208&refinements=p_n_publication_date%3A1250226011&rnid=1250225011&s=books&sr=1-45,0316628212
No One Asked for This: Essays,$16.19,3.0 out of 5 stars,2,Empty,Empty,https://www.amazon.com//No-One-Asked-This-Essays/dp/0358197023/ref=sr_1_46?dchild=1&fst=as%3Aoff&qid=1605801208&refinements=p_n_publication_date%3A1250226011&rnid=1250225011&s=books&sr=1-46,0358197023
All That Glitters: A Novel,$20.28,3.9 out of 5 stars,25,Empty,Empty,https://www.amazon.com//All-That-Glitters-Danielle-Steel/dp/0399179682/ref=sr_1_47?dchild=1&fst=as%3Aoff&qid=1605801208&refinements=p_n_publication_date%3A1250226011&rnid=1250225011&s=books&sr=1-47,0399179682
The Wim Hof Method: Activate Your Full Human Potential,$23.39,4.8 out of 5 stars,292,Empty,Empty,https://www.amazon.com//Wim-Hof-Method-Activate-Potential/dp/1683644093/ref=sr_1_48?dchild=1&fst=as%3Aoff&qid=1605801208&refinements=p_n_publication_date%3A1250226011&rnid=1250225011&s=books&sr=1-48,1683644093
What Kind of Woman: Poems,$14.99,4.8 out of 5 stars,59,Empty,Empty,https://www.amazon.com//What-Kind-Woman-Kate-Baer/dp/0063008424/ref=sr_1_49?dchild=1&fst=as%3Aoff&qid=1605801212&refinements=p_n_publication_date%3A1250226011&rnid=1250225011&s=books&sr=1-49,0063008424
The Couch Potato,$16.99,4.7 out of 5 stars,70,Empty,Empty,https://www.amazon.com//Couch-Potato-Jory-John/dp/0062954539/ref=sr_1_50?dchild=1&fst=as%3Aoff&qid=1605801212&refinements=p_n_publication_date%3A1250226011&rnid=1250225011&s=books&sr=1-50,0062954539
"Anne Neilson's Angels: Devotions and Art to Encourage, Refresh, and Inspire",$21.99,5.0 out of 5 stars,16,Empty,Empty,https://www.amazon.com//Anne-Neilsons-Angels-Devotions-Encourage/dp/1400220408/ref=sr_1_51?dchild=1&fst=as%3Aoff&qid=1605801212&refinements=p_n_publication_date%3A1250226011&rnid=1250225011&s=books&sr=1-51,1400220408
HRH: So Many Thoughts on Royal Style,$26.49,4.3 out of 5 stars,8,in Royalty Biographies,Best Seller,https://www.amazon.com//HRH-Many-Thoughts-Royal-Style/dp/1250625084/ref=sr_1_52?dchild=1&fst=as%3Aoff&qid=1605801212&refinements=p_n_publication_date%3A1250226011&rnid=1250225011&s=books&sr=1-52,1250625084
Una tierra prometida / A Promised Land (Spanish Edition),$15.49,1.0 out of 5 stars,1,in Civil Rights & Liberties,Best Seller,https://www.amazon.com//tierra-prometida-Promised-Land-Spanish/dp/1644732572/ref=sr_1_53?dchild=1&fst=as%3Aoff&qid=1605801212&refinements=p_n_publication_date%3A1250226011&rnid=1250225011&s=books&sr=1-53,1644732572
The Controlled Demolition of the American Empire,$16.63,4.9 out of 5 stars,187,Empty,Empty,https://www.amazon.com//Controlled-Demolition-American-Empire/dp/B08M21XKJ5/ref=sr_1_54?dchild=1&fst=as%3Aoff&qid=1605801212&refinements=p_n_publication_date%3A1250226011&rnid=1250225011&s=books&sr=1-54,B08M21XKJ5
From a Certain Point of View: The Empire Strikes Back (Star Wars),$0.00,4.3 out of 5 stars,27,Empty,Empty,https://www.amazon.com//Certain-Point-View-Empire-Strikes/dp/B08B6ZFMNN/ref=sr_1_55?dchild=1&fst=as%3Aoff&qid=1605801212&refinements=p_n_publication_date%3A1250226011&rnid=1250225011&s=books&sr=1-55,B08B6ZFMNN
The Grinny Granny Donkey,$7.99,4.8 out of 5 stars,144,Empty,Empty,https://www.amazon.com//Grinny-Granny-Donkey-Craig-Smith/dp/1338692275/ref=sr_1_56?dchild=1&fst=as%3Aoff&qid=1605801212&refinements=p_n_publication_date%3A1250226011&rnid=1250225011&s=books&sr=1-56,1338692275
Make Life Beautiful,$21.59,3.5 out of 5 stars,229,in Work Life Balance in Business,Best Seller,https://www.amazon.com//Make-Life-Beautiful-Shea-McGee/dp/0785233873/ref=sr_1_57?dchild=1&fst=as%3Aoff&qid=1605801212&refinements=p_n_publication_date%3A1250226011&rnid=1250225011&s=books&sr=1-57,0785233873
Dearly: New Poems,$19.59,4.6 out of 5 stars,19,Empty,Empty,https://www.amazon.com//Dearly-New-Poems-Margaret-Atwood/dp/006303249X/ref=sr_1_58?dchild=1&fst=as%3Aoff&qid=1605801212&refinements=p_n_publication_date%3A1250226011&rnid=1250225011&s=books&sr=1-58,006303249X
Once a Warrior: How One Veteran Found a New Mission Closer to Home,$17.55,4.9 out of 5 stars,63,in Afghan War Biographies,Best Seller,https://www.amazon.com//Once-Warrior-Veteran-Mission-Closer/dp/0593189353/ref=sr_1_59?dchild=1&fst=as%3Aoff&qid=1605801212&refinements=p_n_publication_date%3A1250226011&rnid=1250225011&s=books&sr=1-59,0593189353
Sam the Cooking Guy: Recipes with Intentional Leftovers,$22.23,4.9 out of 5 stars,134,Empty,Empty,https://www.amazon.com//Sam-Cooking-Guy-Intentional-Leftovers/dp/1682686027/ref=sr_1_60?dchild=1&fst=as%3Aoff&qid=1605801212&refinements=p_n_publication_date%3A1250226011&rnid=1250225011&s=books&sr=1-60,1682686027
The Noel Letters (The Noel Collection),$13.38,4.8 out of 5 stars,404,Empty,Empty,https://www.amazon.com//Noel-Letters-Collection/dp/1982129603/ref=sr_1_61?dchild=1&fst=as%3Aoff&qid=1605801212&refinements=p_n_publication_date%3A1250226011&rnid=1250225011&s=books&sr=1-61,1982129603
Barack Obama Book: The Biography of Barack Obama,$12.99,3.5 out of 5 stars,17,in Ethnic Demographic Studies,Best Seller,https://www.amazon.com//Barack-Obama-Book-Biography/dp/B08N3J9DJ6/ref=sr_1_62?dchild=1&fst=as%3Aoff&qid=1605801212&refinements=p_n_publication_date%3A1250226011&rnid=1250225011&s=books&sr=1-62,B08N3J9DJ6
Warriors: The Broken Code #4: Darkness Within,$15.99,4.8 out of 5 stars,168,Empty,Empty,https://www.amazon.com//Warriors-Broken-Code-Darkness-Within/dp/0062823728/ref=sr_1_63?dchild=1&fst=as%3Aoff&qid=1605801212&refinements=p_n_publication_date%3A1250226011&rnid=1250225011&s=books&sr=1-63,0062823728
The Cold Millions: A Novel,$14.99,4.5 out of 5 stars,168,Empty,Empty,https://www.amazon.com//Cold-Millions-Novel-Jess-Walter-ebook/dp/B083JKN5MF/ref=sr_1_64?dchild=1&fst=as%3Aoff&qid=1605801212&refinements=p_n_publication_date%3A1250226011&rnid=1250225011&s=books&sr=1-64,B083JKN5MF
Marauder (The Oregon Files Book 15),$14.99,4.8 out of 5 stars,469,Empty,Empty,https://www.amazon.com//Marauder-Oregon-Files-Book-15-ebook/dp/B082H2Q6QY/ref=sr_1_65?dchild=1&fst=as%3Aoff&qid=1605801215&refinements=p_n_publication_date%3A1250226011&rnid=1250225011&s=books&sr=1-65,B082H2Q6QY
Moonflower Murders: A Novel,$0.00,4.4 out of 5 stars,861,Empty,Empty,https://www.amazon.com//Moonflower-Murders-A-Novel/dp/B084R75JFX/ref=sr_1_66?dchild=1&fst=as%3Aoff&qid=1605801215&refinements=p_n_publication_date%3A1250226011&rnid=1250225011&s=books&sr=1-66,B084R75JFX
Batman: Three Jokers,$18.49,4.5 out of 5 stars,17,in DC Comics & Graphic Novels,Best Seller,https://www.amazon.com//Batman-Three-Jokers-Geoff-Johns/dp/1779500238/ref=sr_1_67?dchild=1&fst=as%3Aoff&qid=1605801215&refinements=p_n_publication_date%3A1250226011&rnid=1250225011&s=books&sr=1-67,1779500238
The Complete America's Test Kitchen TV Show Cookbook 2001-2021: Every Recipe from the HIt TV Show Along with Product Ratings Includes the 2021 Season (Complete ATK TV Show Cookbook),$26.40,4.7 out of 5 stars,120,in Consumer Guides,Best Seller,https://www.amazon.com//Complete-Americas-Kitchen-Cookbook-2001-2021/dp/1948703424/ref=sr_1_68?dchild=1&fst=as%3Aoff&qid=1605801215&refinements=p_n_publication_date%3A1250226011&rnid=1250225011&s=books&sr=1-68,1948703424
Milk Bar: Kids Only: A Cookbook,$16.13,4.6 out of 5 stars,74,Empty,Empty,https://www.amazon.com//Milk-Bar-Kids-Only-Cookbook/dp/0593231929/ref=sr_1_69?dchild=1&fst=as%3Aoff&qid=1605801215&refinements=p_n_publication_date%3A1250226011&rnid=1250225011&s=books&sr=1-69,0593231929
"Truly, Madly, Deeply: A Novel (The Baxter Family)",$13.99,4.8 out of 5 stars,412,Empty,Empty,https://www.amazon.com//Truly-Madly-Deeply-Baxter-Family/dp/1982104384/ref=sr_1_70?dchild=1&fst=as%3Aoff&qid=1605801215&refinements=p_n_publication_date%3A1250226011&rnid=1250225011&s=books&sr=1-70,1982104384
7 Ways: Easy Ideas for Every Day of the Week [American Measurements],$28.93,4.7 out of 5 stars,"4,736",in Potato Cooking,Best Seller,https://www.amazon.com//Ways-Ideas-Every-American-Measurements/dp/1250787572/ref=sr_1_71?dchild=1&fst=as%3Aoff&qid=1605801215&refinements=p_n_publication_date%3A1250226011&rnid=1250225011&s=books&sr=1-71,1250787572
The Practice: Shipping Creative Work,$0.00,4.5 out of 5 stars,72,Empty,Empty,https://www.amazon.com//The-Practice-Shipping-Creative-Work/dp/B089B7SZCN/ref=sr_1_72?dchild=1&fst=as%3Aoff&qid=1605801215&refinements=p_n_publication_date%3A1250226011&rnid=1250225011&s=books&sr=1-72,B089B7SZCN
Hallmark Channel Countdown to Christmas: Have a Very Merry Movie Holiday,$15.57,4.7 out of 5 stars,316,in Jewish Holiday Cooking,Best Seller,https://www.amazon.com//Hallmark-Channel-Countdown-Christmas-Holiday/dp/1950785246/ref=sr_1_73?dchild=1&fst=as%3Aoff&qid=1605801215&refinements=p_n_publication_date%3A1250226011&rnid=1250225011&s=books&sr=1-73,1950785246
The Rise: Black Cooks and the Soul of American Food: A Cookbook,$33.49,4.7 out of 5 stars,81,Empty,Empty,https://www.amazon.com//Rise-Black-Cooks-Soul-American/dp/0316480681/ref=sr_1_74?dchild=1&fst=as%3Aoff&qid=1605801215&refinements=p_n_publication_date%3A1250226011&rnid=1250225011&s=books&sr=1-74,0316480681
Dinner Done by Between Carpools,$29.89,Empty,Empty,in Kosher Cooking,Best Seller,https://www.amazon.com//Dinner-Done-Between-Carpools-Schapira/dp/1422627381/ref=sr_1_75?dchild=1&fst=as%3Aoff&qid=1605801215&refinements=p_n_publication_date%3A1250226011&rnid=1250225011&s=books&sr=1-75,1422627381
"Honest Advent: Awakening to the Wonder of God-with-Us Then, Here, and Now",$17.09,5.0 out of 5 stars,144,Empty,Empty,https://www.amazon.com//Honest-Advent-Awakening-God-Us/dp/0310361877/ref=sr_1_76?dchild=1&fst=as%3Aoff&qid=1605801215&refinements=p_n_publication_date%3A1250226011&rnid=1250225011&s=books&sr=1-76,0310361877
Sapiens: A Graphic History: The Birth of Humankind (Vol. 1),$36.00,4.2 out of 5 stars,70,Empty,Empty,https://www.amazon.com//Sapiens-Graphic-History-Birth-Humankind/dp/0063055082/ref=sr_1_77?dchild=1&fst=as%3Aoff&qid=1605801215&refinements=p_n_publication_date%3A1250226011&rnid=1250225011&s=books&sr=1-77,0063055082
Three Women Disappear: With bonus novel Come and Get Us,$14.99,4.2 out of 5 stars,594,Empty,Empty,https://www.amazon.com//Three-Women-Disappear-bonus-novel-ebook/dp/B084X1DJN4/ref=sr_1_78?dchild=1&fst=as%3Aoff&qid=1605801215&refinements=p_n_publication_date%3A1250226011&rnid=1250225011&s=books&sr=1-78,B084X1DJN4
A Dog's Perfect Christmas,$11.19,4.8 out of 5 stars,237,Empty,Empty,https://www.amazon.com//Dogs-Perfect-Christmas-Bruce-Cameron/dp/1250163587/ref=sr_1_79?dchild=1&fst=as%3Aoff&qid=1605801215&refinements=p_n_publication_date%3A1250226011&rnid=1250225011&s=books&sr=1-79,1250163587
We Keep the Dead Close: A Murder at Harvard and a Half Century of Silence,$20.04,4.3 out of 5 stars,41,Empty,Empty,https://www.amazon.com//We-Keep-Dead-Close-Harvard/dp/1538746832/ref=sr_1_80?dchild=1&fst=as%3Aoff&qid=1605801215&refinements=p_n_publication_date%3A1250226011&rnid=1250225011&s=books&sr=1-80,1538746832
Cary Grant: A Brilliant Disguise,$25.17,4.5 out of 5 stars,68,Empty,Empty,https://www.amazon.com//Cary-Grant-Brilliant-Scott-Eyman/dp/1501192116/ref=sr_1_81?dchild=1&fst=as%3Aoff&qid=1605801218&refinements=p_n_publication_date%3A1250226011&rnid=1250225011&s=books&sr=1-81,1501192116
America the Beautiful: A Story in Photographs,$30.12,4.9 out of 5 stars,30,in Monument Photography,Best Seller,https://www.amazon.com//America-Beautiful-Photographs-National-Geographic/dp/1426221428/ref=sr_1_82?dchild=1&fst=as%3Aoff&qid=1605801218&refinements=p_n_publication_date%3A1250226011&rnid=1250225011&s=books&sr=1-82,1426221428
"The Jesus Storybook Bible A Christmas Collection: Stories, songs, and reflections for the Advent season",$21.57,4.4 out of 5 stars,10,Empty,Empty,https://www.amazon.com//Jesus-Storybook-Bible-Christmas-Collection/dp/0310769906/ref=sr_1_83?dchild=1&fst=as%3Aoff&qid=1605801218&refinements=p_n_publication_date%3A1250226011&rnid=1250225011&s=books&sr=1-83,0310769906
Bill Nye's Great Big World of Science,$26.99,4.8 out of 5 stars,44,Empty,Empty,https://www.amazon.com//Bill-Nyes-Great-World-Science/dp/1419746766/ref=sr_1_84?dchild=1&fst=as%3Aoff&qid=1605801218&refinements=p_n_publication_date%3A1250226011&rnid=1250225011&s=books&sr=1-84,1419746766
Tokyo Ghoul: re Complete Box Set: Includes vols. 1-16 with premium,$123.61,4.7 out of 5 stars,20,Empty,Empty,https://www.amazon.com//Tokyo-Ghoul-Complete-vols-premium/dp/1974718476/ref=sr_1_85?dchild=1&fst=as%3Aoff&qid=1605801218&refinements=p_n_publication_date%3A1250226011&rnid=1250225011&s=books&sr=1-85,1974718476
The Company I Keep: My Life in Beauty,$26.99,Empty,Empty,in Grooming & Style,Best Seller,https://www.amazon.com//Company-Keep-My-Life-Beauty/dp/0062990942/ref=sr_1_86?dchild=1&fst=as%3Aoff&qid=1605801218&refinements=p_n_publication_date%3A1250226011&rnid=1250225011&s=books&sr=1-86,0062990942
Piece of My Heart (Under Suspicion),$12.99,4.3 out of 5 stars,6,Empty,Empty,https://www.amazon.com//Piece-Heart-Mary-Higgins-Clark-ebook/dp/B084G9WHJY/ref=sr_1_87?dchild=1&fst=as%3Aoff&qid=1605801218&refinements=p_n_publication_date%3A1250226011&rnid=1250225011&s=books&sr=1-87,B084G9WHJY
"Kindred: Neanderthal Life, Love, Death and Art (Bloomsbury Sigma)",$25.20,4.4 out of 5 stars,114,in Archaeology,Best Seller,https://www.amazon.com//Kindred-Neanderthal-Life-Love-Death/dp/147293749X/ref=sr_1_88?dchild=1&fst=as%3Aoff&qid=1605801218&refinements=p_n_publication_date%3A1250226011&rnid=1250225011&s=books&sr=1-88,147293749X
Snacking Cakes: Simple Treats for Anytime Cravings: A Baking Book,$16.99,4.7 out of 5 stars,63,Empty,Empty,https://www.amazon.com//Snacking-Cakes-Simple-Anytime-Cravings/dp/0593139666/ref=sr_1_89?dchild=1&fst=as%3Aoff&qid=1605801218&refinements=p_n_publication_date%3A1250226011&rnid=1250225011&s=books&sr=1-89,0593139666
Tom Clancy Shadow of the Dragon (A Jack Ryan Novel Book 20),$14.99,4.0 out of 5 stars,15,in War Fiction,Best Seller,https://www.amazon.com//Clancy-Shadow-Dragon-Jack-Novel-ebook/dp/B0852PJ2TJ/ref=sr_1_90?dchild=1&fst=as%3Aoff&qid=1605801218&refinements=p_n_publication_date%3A1250226011&rnid=1250225011&s=books&sr=1-90,B0852PJ2TJ
Cozy,$15.42,4.9 out of 5 stars,49,Empty,Empty,https://www.amazon.com//Cozy-Jan-Brett/dp/0593109791/ref=sr_1_91?dchild=1&fst=as%3Aoff&qid=1605801218&refinements=p_n_publication_date%3A1250226011&rnid=1250225011&s=books&sr=1-91,0593109791
The Flavor Equation: The Science of Great Cooking Explained in More Than 100 Essential Recipes,$27.89,4.6 out of 5 stars,54,"in Indian Cooking, Food & Wine",Best Seller,https://www.amazon.com//Flavor-Equation-Science-Explained-Essential/dp/1452182698/ref=sr_1_92?dchild=1&fst=as%3Aoff&qid=1605801218&refinements=p_n_publication_date%3A1250226011&rnid=1250225011&s=books&sr=1-92,1452182698
The Kingdom: A novel,$13.99,4.2 out of 5 stars,78,Empty,Empty,https://www.amazon.com//Kingdom-novel-Jo-Nesbo-ebook/dp/B08478T2CK/ref=sr_1_93?dchild=1&fst=as%3Aoff&qid=1605801218&refinements=p_n_publication_date%3A1250226011&rnid=1250225011&s=books&sr=1-93,B08478T2CK
The Purpose of Power: How We Come Together When We Fall Apart,$0.00,4.8 out of 5 stars,84,Empty,Empty,https://www.amazon.com//Purpose-Power-Come-Together-Apart/dp/0525509682/ref=sr_1_94?dchild=1&fst=as%3Aoff&qid=1605801218&refinements=p_n_publication_date%3A1250226011&rnid=1250225011&s=books&sr=1-94,0525509682
Jimmy Page: The Anthology,$36.00,4.8 out of 5 stars,136,Empty,Empty,https://www.amazon.com//Jimmy-Page-Anthology/dp/1905662610/ref=sr_1_95?dchild=1&fst=as%3Aoff&qid=1605801218&refinements=p_n_publication_date%3A1250226011&rnid=1250225011&s=books&sr=1-95,1905662610
Waiting Here For You: An Advent Journey of Hope,$12.37,5.0 out of 5 stars,18,in Prayer,Best Seller,https://www.amazon.com//Waiting-Here-You-Advent-Journey/dp/1949255115/ref=sr_1_96?dchild=1&fst=as%3Aoff&qid=1605801218&refinements=p_n_publication_date%3A1250226011&rnid=1250225011&s=books&sr=1-96,1949255115
"The French Laundry, Per Se (The Thomas Keller Library)",$56.49,4.9 out of 5 stars,55,Empty,Empty,https://www.amazon.com//French-Laundry-Se-Thomas-Keller/dp/1579658490/ref=sr_1_97?dchild=1&fst=as%3Aoff&qid=1605801221&refinements=p_n_publication_date%3A1250226011&rnid=1250225011&s=books&sr=1-97,1579658490
Memorial: A Novel,$18.48,4.1 out of 5 stars,163,Empty,Empty,https://www.amazon.com//Memorial-Novel-Bryan-Washington/dp/0593087275/ref=sr_1_98?dchild=1&fst=as%3Aoff&qid=1605801221&refinements=p_n_publication_date%3A1250226011&rnid=1250225011&s=books&sr=1-98,0593087275
Billion Dollar Loser: The Epic Rise and Spectacular Fall of Adam Neumann and WeWork,$0.00,4.5 out of 5 stars,197,Empty,Empty,https://www.amazon.com//Billion-Dollar-Loser-Spectacular-Neumann/dp/B08KYLWLK6/ref=sr_1_99?dchild=1&fst=as%3Aoff&qid=1605801221&refinements=p_n_publication_date%3A1250226011&rnid=1250225011&s=books&sr=1-99,B08KYLWLK6
The World of Critical Role: The History Behind the Epic Fantasy,$23.83,4.9 out of 5 stars,315,Empty,Empty,https://www.amazon.com//World-Critical-Role-History-Fantasy/dp/0593157435/ref=sr_1_100?dchild=1&fst=as%3Aoff&qid=1605801221&refinements=p_n_publication_date%3A1250226011&rnid=1250225011&s=books&sr=1-100,0593157435
This Will Make It Taste Good: A New Path to Simple Cooking,$30.49,4.6 out of 5 stars,141,Empty,Empty,https://www.amazon.com//This-Will-Make-Taste-Good/dp/0316381128/ref=sr_1_101?dchild=1&fst=as%3Aoff&qid=1605801221&refinements=p_n_publication_date%3A1250226011&rnid=1250225011&s=books&sr=1-101,0316381128
Do You Feel Like I Do?: A Memoir,$24.06,4.6 out of 5 stars,201,Empty,Empty,https://www.amazon.com//Do-You-Feel-Like-Memoir/dp/0316425311/ref=sr_1_102?dchild=1&fst=as%3Aoff&qid=1605801221&refinements=p_n_publication_date%3A1250226011&rnid=1250225011&s=books&sr=1-102,0316425311
Nose Dive: A Field Guide to the World's Smells,$25.17,4.6 out of 5 stars,14,in Aromatherapy,Best Seller,https://www.amazon.com//Nose-Dive-Field-Worlds-Smells/dp/1594203954/ref=sr_1_103?dchild=1&fst=as%3Aoff&qid=1605801221&refinements=p_n_publication_date%3A1250226011&rnid=1250225011&s=books&sr=1-103,1594203954
Fly Into the Wind: How to Harness Faith and Fearlessness on Your Ascent to Greatness,$18.89,Empty,Empty,in Inspiration & Spirituality,Best Seller,https://www.amazon.com//Fly-Into-Wind-Fearlessness-Greatness/dp/0062966073/ref=sr_1_104?dchild=1&fst=as%3Aoff&qid=1605801221&refinements=p_n_publication_date%3A1250226011&rnid=1250225011&s=books&sr=1-104,0062966073
The Archer,$14.79,4.2 out of 5 stars,58,Empty,Empty,https://www.amazon.com//Archer-Paulo-Coelho/dp/0593318277/ref=sr_1_105?dchild=1&fst=as%3Aoff&qid=1605801221&refinements=p_n_publication_date%3A1250226011&rnid=1250225011&s=books&sr=1-105,0593318277
African American Poetry: 250 Years of Struggle & Song (LOA #333): A Library of America Anthology (The Library of America),$40.50,4.8 out of 5 stars,13,Empty,Empty,https://www.amazon.com//African-American-Poetry-Struggle-Library/dp/1598536664/ref=sr_1_106?dchild=1&fst=as%3Aoff&qid=1605801221&refinements=p_n_publication_date%3A1250226011&rnid=1250225011&s=books&sr=1-106,1598536664
"The Cost: Trump, China, and American Revival",$24.99,4.9 out of 5 stars,120,in Commercial Policy,Best Seller,https://www.amazon.com//Cost-Trump-China-American-Revival/dp/1982163984/ref=sr_1_107?dchild=1&fst=as%3Aoff&qid=1605801221&refinements=p_n_publication_date%3A1250226011&rnid=1250225011&s=books&sr=1-107,1982163984
Avatar: The Last Airbender--The Search Omnibus,$22.49,4.9 out of 5 stars,"1,032",in Media Tie-In Graphic Novels,Best Seller,https://www.amazon.com//Avatar-Last-Airbender-Search-Omnibus/dp/1506721729/ref=sr_1_108?dchild=1&fst=as%3Aoff&qid=1605801221&refinements=p_n_publication_date%3A1250226011&rnid=1250225011&s=books&sr=1-108,1506721729
"Plantifully Lean: A Simple, Easy to Follow Plant-Based Guide & Cookbook for Maximized Weight Loss",$30.00,4.7 out of 5 stars,148,Empty,Empty,https://www.amazon.com//Plantifully-Lean-Plant-Based-Cookbook-Maximized/dp/B08LNBH6XF/ref=sr_1_109?dchild=1&fst=as%3Aoff&qid=1605801221&refinements=p_n_publication_date%3A1250226011&rnid=1250225011&s=books&sr=1-109,B08LNBH6XF
"Forgiving What You Can't Forget Study Guide: Discover How to Move On, Make Peace with Painful Memories, and Create a Life That's Beautiful Again",$14.09,1.0 out of 5 stars,1,Empty,Empty,https://www.amazon.com//Forgiving-What-Forget-Study-Guide/dp/0310104866/ref=sr_1_110?dchild=1&fst=as%3Aoff&qid=1605801221&refinements=p_n_publication_date%3A1250226011&rnid=1250225011&s=books&sr=1-110,0310104866
Answers in the Form of Questions: A Definitive History and Insider's Guide to Jeopardy!,$24.06,4.9 out of 5 stars,14,Empty,Empty,https://www.amazon.com//Answers-Form-Questions-Definitive-Insiders/dp/1538702320/ref=sr_1_111?dchild=1&fst=as%3Aoff&qid=1605801221&refinements=p_n_publication_date%3A1250226011&rnid=1250225011&s=books&sr=1-111,1538702320
Believe in People: Bottom-Up Solutions for a Top-Down World,$22.26,5.0 out of 5 stars,4,Empty,Empty,https://www.amazon.com//Believe-People-Bottom-Up-Solutions-Top-Down/dp/1250200962/ref=sr_1_112?dchild=1&fst=as%3Aoff&qid=1605801221&refinements=p_n_publication_date%3A1250226011&rnid=1250225011&s=books&sr=1-112,1250200962
A Little Thanksgiving SPOT,$11.12,4.9 out of 5 stars,61,Empty,Empty,https://www.amazon.com//Little-Thanksgiving-SPOT-Diane-Alber/dp/1951287452/ref=sr_1_113?dchild=1&fst=as%3Aoff&qid=1605801223&refinements=p_n_publication_date%3A1250226011&rnid=1250225011&s=books&sr=1-113,1951287452
Strongmen: Mussolini to the Present,$20.17,4.7 out of 5 stars,4,in African Politics,Best Seller,https://www.amazon.com//Strongmen-Mussolini-Present-Ruth-Ben-Ghiat/dp/1324001542/ref=sr_1_114?dchild=1&fst=as%3Aoff&qid=1605801223&refinements=p_n_publication_date%3A1250226011&rnid=1250225011&s=books&sr=1-114,1324001542
The Forgiveness Journal: A Guided Journey to Forgiving What You Can't Forget,$13.99,3.5 out of 5 stars,2,Empty,Empty,https://www.amazon.com//Forgiveness-Journal-Guided-Journey-Forgiving/dp/1400224381/ref=sr_1_115?dchild=1&fst=as%3Aoff&qid=1605801223&refinements=p_n_publication_date%3A1250226011&rnid=1250225011&s=books&sr=1-115,1400224381
The Dead Are Arising: The Life of Malcolm X,$31.50,4.8 out of 5 stars,75,Empty,Empty,https://www.amazon.com//Dead-Are-Arising-Life-Malcolm/dp/1631491660/ref=sr_1_116?dchild=1&fst=as%3Aoff&qid=1605801223&refinements=p_n_publication_date%3A1250226011&rnid=1250225011&s=books&sr=1-116,1631491660
The Lost Spells,$22.99,4.8 out of 5 stars,314,in British & Irish Poetry,Best Seller,https://www.amazon.com//Lost-Spells-Robert-MacFarlane/dp/1487007795/ref=sr_1_117?dchild=1&fst=as%3Aoff&qid=1605801223&refinements=p_n_publication_date%3A1250226011&rnid=1250225011&s=books&sr=1-117,1487007795
Garner's Quotations: A Modern Miscellany,$17.95,4.2 out of 5 stars,3,Empty,Empty,https://www.amazon.com//Garners-Quotations-Miscellany-Dwight-Garner/dp/0374279195/ref=sr_1_118?dchild=1&fst=as%3Aoff&qid=1605801223&refinements=p_n_publication_date%3A1250226011&rnid=1250225011&s=books&sr=1-118,0374279195
PopularMMOs Presents Zombies’ Day Off,$13.97,4.9 out of 5 stars,129,Empty,Empty,https://www.amazon.com//PopularMMOs-Presents-Zombies-Day-Off/dp/0063006510/ref=sr_1_119?dchild=1&fst=as%3Aoff&qid=1605801223&refinements=p_n_publication_date%3A1250226011&rnid=1250225011&s=books&sr=1-119,0063006510
Earth's Last Empire: The Final Game of Thrones,$9.99,4.9 out of 5 stars,535,in Israel & Palestine History,Best Seller,https://www.amazon.com//Earths-Last-Empire-Final-Thrones/dp/154601473X/ref=sr_1_120?dchild=1&fst=as%3Aoff&qid=1605801223&refinements=p_n_publication_date%3A1250226011&rnid=1250225011&s=books&sr=1-120,154601473X
I Want to Be Where the Normal People Are,$24.99,4.8 out of 5 stars,5,in Theatre Biographies,Best Seller,https://www.amazon.com//Want-Where-Normal-People-Are/dp/1538745356/ref=sr_1_121?dchild=1&fst=as%3Aoff&qid=1605801223&refinements=p_n_publication_date%3A1250226011&rnid=1250225011&s=books&sr=1-121,1538745356
A Cuban Girl's Guide to Tea and Tomorrow,$14.21,4.4 out of 5 stars,26,Empty,Empty,https://www.amazon.com//Cuban-Girls-Guide-Tea-Tomorrow/dp/1534471243/ref=sr_1_122?dchild=1&fst=as%3Aoff&qid=1605801223&refinements=p_n_publication_date%3A1250226011&rnid=1250225011&s=books&sr=1-122,1534471243
"Star Wars: The Lightsaber Collection: Lightsabers from the Skywalker Saga, The Clone Wars, Star Wars Rebels and more | (Star Wars gift, Lightsaber book)",$17.23,4.6 out of 5 stars,140,in Action & Adventure Movies,Best Seller,https://www.amazon.com//Star-Wars-Lightsaber-Collection-Lightsabers/dp/1683839781/ref=sr_1_123?dchild=1&fst=as%3Aoff&qid=1605801223&refinements=p_n_publication_date%3A1250226011&rnid=1250225011&s=books&sr=1-123,1683839781
Medicare For Dummies,$19.31,4.7 out of 5 stars,31,in Health Insurance,Best Seller,https://www.amazon.com//Medicare-Dummies-Patricia-Barry/dp/1119689937/ref=sr_1_124?dchild=1&fst=as%3Aoff&qid=1605801223&refinements=p_n_publication_date%3A1250226011&rnid=1250225011&s=books&sr=1-124,1119689937
Where I Come From: Stories from the Deep South,$23.99,4.8 out of 5 stars,68,Empty,Empty,https://www.amazon.com//Where-Come-Stories-Deep-South/dp/0593317785/ref=sr_1_125?dchild=1&fst=as%3Aoff&qid=1605801223&refinements=p_n_publication_date%3A1250226011&rnid=1250225011&s=books&sr=1-125,0593317785
Natalie Portman's Fables,$12.02,4.7 out of 5 stars,105,Empty,Empty,https://www.amazon.com//Natalie-Portmans-Fables-Portman/dp/1250246865/ref=sr_1_126?dchild=1&fst=as%3Aoff&qid=1605801223&refinements=p_n_publication_date%3A1250226011&rnid=1250225011&s=books&sr=1-126,1250246865
"Good Night, Fruit Bat (Bluey)",$4.99,4.9 out of 5 stars,194,Empty,Empty,https://www.amazon.com//Good-Night-Fruit-Bat-Bluey/dp/0593224566/ref=sr_1_127?dchild=1&fst=as%3Aoff&qid=1605801223&refinements=p_n_publication_date%3A1250226011&rnid=1250225011&s=books&sr=1-127,0593224566
The Royal Ranger: The Missing Prince (Ranger's Apprentice),$16.99,4.4 out of 5 stars,225,in Children's Arthurian Folk Tales & Myths,Best Seller,https://www.amazon.com//Royal-Ranger-Missing-Rangers-Apprentice/dp/0593113454/ref=sr_1_128?dchild=1&fst=as%3Aoff&qid=1605801223&refinements=p_n_publication_date%3A1250226011&rnid=1250225011&s=books&sr=1-128,0593113454
Burn After Writing (Pink),$8.39,4.5 out of 5 stars,81,Empty,Empty,https://www.amazon.com//Burn-After-Writing-Sharon-Jones/dp/0593329910/ref=sr_1_129?dchild=1&fst=as%3Aoff&qid=1605801226&refinements=p_n_publication_date%3A1250226011&rnid=1250225011&s=books&sr=1-129,0593329910
Growing Up Keto: A Practical Guide for Kids and Parents with Over 110 Recipes the Whole Family Will Love,$31.46,5.0 out of 5 stars,92,Empty,Empty,https://www.amazon.com//Growing-Up-Keto-Kristie-Sullivan/dp/1628603968/ref=sr_1_130?dchild=1&fst=as%3Aoff&qid=1605801226&refinements=p_n_publication_date%3A1250226011&rnid=1250225011&s=books&sr=1-130,1628603968
The Official Downton Abbey Christmas Cookbook (Downton Abbey Cookery),$30.99,4.7 out of 5 stars,29,Empty,Empty,https://www.amazon.com//Official-Downton-Christmas-Cookbook-Cookery/dp/1681885352/ref=sr_1_131?dchild=1&fst=as%3Aoff&qid=1605801226&refinements=p_n_publication_date%3A1250226011&rnid=1250225011&s=books&sr=1-131,1681885352
Peace Be Still: A 31 Day Christmas Prayer Journal,$9.99,5.0 out of 5 stars,3,Empty,Empty,https://www.amazon.com//Peace-Be-Still-Christmas-Journal/dp/1735024821/ref=sr_1_132?dchild=1&fst=as%3Aoff&qid=1605801226&refinements=p_n_publication_date%3A1250226011&rnid=1250225011&s=books&sr=1-132,1735024821
Pig the Slob (Pig the Pug),$13.49,4.6 out of 5 stars,34,Empty,Empty,https://www.amazon.com//Pig-Slob-Pug-Aaron-Blabey/dp/133871371X/ref=sr_1_133?dchild=1&fst=as%3Aoff&qid=1605801226&refinements=p_n_publication_date%3A1250226011&rnid=1250225011&s=books&sr=1-133,133871371X
I Heart Soul Food: 100 Southern Comfort Food Favorites,$22.46,4.9 out of 5 stars,135,Empty,Empty,https://www.amazon.com//Heart-Soul-Food-Southern-Favorites/dp/1632173093/ref=sr_1_134?dchild=1&fst=as%3Aoff&qid=1605801226&refinements=p_n_publication_date%3A1250226011&rnid=1250225011&s=books&sr=1-134,1632173093
Unknown Market Wizards: The Best Traders You've Never Heard Of,$0.00,4.4 out of 5 stars,75,Empty,Empty,https://www.amazon.com//Market-Wizards-Traders-Youve-Never/dp/B08F2Y6BD6/ref=sr_1_135?dchild=1&fst=as%3Aoff&qid=1605801226&refinements=p_n_publication_date%3A1250226011&rnid=1250225011&s=books&sr=1-135,B08F2Y6BD6
A Taste of Nells,$20.11,5.0 out of 5 stars,1,Empty,Empty,https://www.amazon.com//Taste-Nells-Malynn-Livingston/dp/B08NF1RGPV/ref=sr_1_136?dchild=1&fst=as%3Aoff&qid=1605801226&refinements=p_n_publication_date%3A1250226011&rnid=1250225011&s=books&sr=1-136,B08NF1RGPV
Devotions: The Selected Poems of Mary Oliver,$17.99,4.9 out of 5 stars,"1,290",Empty,Empty,https://www.amazon.com//Devotions-Selected-Poems-Mary-Oliver/dp/0399563261/ref=sr_1_137?dchild=1&fst=as%3Aoff&qid=1605801226&refinements=p_n_publication_date%3A1250226011&rnid=1250225011&s=books&sr=1-137,0399563261
Shakeup (A Stone Barrington Novel Book 55),$14.99,4.3 out of 5 stars,774,Empty,Empty,https://www.amazon.com//Shakeup-Stone-Barrington-Novel-Book-ebook/dp/B084789G7F/ref=sr_1_138?dchild=1&fst=as%3Aoff&qid=1605801226&refinements=p_n_publication_date%3A1250226011&rnid=1250225011&s=books&sr=1-138,B084789G7F
Battle of Brothers: William and Harry – The Inside Story of a Family in Tumult,$20.49,3.8 out of 5 stars,721,Empty,Empty,https://www.amazon.com//Battle-Brothers-William-Inside-Family/dp/0063042940/ref=sr_1_139?dchild=1&fst=as%3Aoff&qid=1605801226&refinements=p_n_publication_date%3A1250226011&rnid=1250225011&s=books&sr=1-139,0063042940
This Is the Way (Star Wars: The Mandalorian) (Little Golden Book),$5.99,4.7 out of 5 stars,98,Empty,Empty,https://www.amazon.com//This-Way-Star-Wars-Mandalorian/dp/0736441719/ref=sr_1_140?dchild=1&fst=as%3Aoff&qid=1605801226&refinements=p_n_publication_date%3A1250226011&rnid=1250225011&s=books&sr=1-140,0736441719
The Nom Wah Cookbook: Recipes and Stories from 100 Years at New York City's Iconic Dim Sum Restaurant,$16.99,4.7 out of 5 stars,55,"in Chinese Cooking, Food & Wine",Best Seller,https://www.amazon.com//Nom-Wah-Cookbook-Recipes-Restaurant/dp/0062965999/ref=sr_1_141?dchild=1&fst=as%3Aoff&qid=1605801226&refinements=p_n_publication_date%3A1250226011&rnid=1250225011&s=books&sr=1-141,0062965999
Life with the Afterlife: 13 Truths I Learned about Ghosts,$24.30,4.9 out of 5 stars,247,in Occultism,Best Seller,https://www.amazon.com//Life-Afterlife-Truths-Learned-Ghosts/dp/1538754142/ref=sr_1_142?dchild=1&fst=as%3Aoff&qid=1605801226&refinements=p_n_publication_date%3A1250226011&rnid=1250225011&s=books&sr=1-142,1538754142
"Better Decisions, Fewer Regrets: 5 Questions to Help You Determine Your Next Move",$15.99,4.9 out of 5 stars,130,Empty,Empty,https://www.amazon.com//Better-Decisions-Fewer-Regrets-Questions/dp/0310537088/ref=sr_1_143?dchild=1&fst=as%3Aoff&qid=1605801226&refinements=p_n_publication_date%3A1250226011&rnid=1250225011&s=books&sr=1-143,0310537088
The Complete Instant Pot Cookbook 1000 Recipes: For Your Pressure Cooker With Effortless And Easy Beginners Meals,$8.99,4.5 out of 5 stars,49,"in Irish Cooking, Food & Wine",Best Seller,https://www.amazon.com//Complete-Instant-Cookbook-1000-Recipes/dp/B08LSVY7G2/ref=sr_1_144?dchild=1&fst=as%3Aoff&qid=1605801226&refinements=p_n_publication_date%3A1250226011&rnid=1250225011&s=books&sr=1-144,B08LSVY7G2
Miss Benson's Beetle: A Novel,$12.99,4.5 out of 5 stars,626,Empty,Empty,https://www.amazon.com//Miss-Bensons-Beetle-Rachel-Joyce-ebook/dp/B085XL1FN3/ref=sr_1_145?dchild=1&fst=as%3Aoff&qid=1605801230&refinements=p_n_publication_date%3A1250226011&rnid=1250225011&s=books&sr=1-145,B085XL1FN3
Santa's Christmas with a Mask: A fun Christmas book for children,$10.79,4.6 out of 5 stars,10,in Children's Religious Holiday Books,Best Seller,https://www.amazon.com//Santas-Christmas-Mask-book-children/dp/0648532178/ref=sr_1_146?dchild=1&fst=as%3Aoff&qid=1605801230&refinements=p_n_publication_date%3A1250226011&rnid=1250225011&s=books&sr=1-146,0648532178
Not Free America: What Your Government Doesn't Want You to Know,$25.20,4.9 out of 5 stars,11,Empty,Empty,https://www.amazon.com//Not-Free-America-Government-Doesnt/dp/1948677660/ref=sr_1_147?dchild=1&fst=as%3Aoff&qid=1605801230&refinements=p_n_publication_date%3A1250226011&rnid=1250225011&s=books&sr=1-147,1948677660
Spirit Junkie: A 52-Card Deck,$19.79,5.0 out of 5 stars,44,Empty,Empty,https://www.amazon.com//Spirit-Junkie-52-Card-Gabrielle-Bernstein/dp/1401961126/ref=sr_1_148?dchild=1&fst=as%3Aoff&qid=1605801230&refinements=p_n_publication_date%3A1250226011&rnid=1250225011&s=books&sr=1-148,1401961126
The New York Times Sunday Crossword Omnibus Volume 12: 200 World-Famous Sunday Puzzles from the Pages of The New York Times,$16.99,4.8 out of 5 stars,15,Empty,Empty,https://www.amazon.com//York-Times-Sunday-Crossword-Omnibus/dp/1250757673/ref=sr_1_149?dchild=1&fst=as%3Aoff&qid=1605801230&refinements=p_n_publication_date%3A1250226011&rnid=1250225011&s=books&sr=1-149,1250757673
Wintering: The Power of Rest and Retreat in Difficult Times,$18.49,5.0 out of 5 stars,4,Empty,Empty,https://www.amazon.com//Wintering-Power-Retreat-Difficult-Times/dp/0593189485/ref=sr_1_150?dchild=1&fst=as%3Aoff&qid=1605801230&refinements=p_n_publication_date%3A1250226011&rnid=1250225011&s=books&sr=1-150,0593189485
"I Spy Thanksgiving Book for Kids Ages 2-5: A Fun Activity Coloring and Guessing Game for Kids, Toddlers and Preschoolers (Thanksgiving Picture Puzzle Book)",$8.97,4.8 out of 5 stars,6,in Children's Motorcycles Books,Best Seller,https://www.amazon.com//Spy-Thanksgiving-Book-Kids-Ages/dp/B08LR4ZWMT/ref=sr_1_151?dchild=1&fst=as%3Aoff&qid=1605801230&refinements=p_n_publication_date%3A1250226011&rnid=1250225011&s=books&sr=1-151,B08LR4ZWMT
This Was Hollywood: Forgotten Stars and Stories (Turner Classic Movies),$25.49,5.0 out of 5 stars,1,in Movie History & Criticism,Best Seller,https://www.amazon.com//This-Was-Hollywood-Forgotten-Stories/dp/0762495863/ref=sr_1_152?dchild=1&fst=as%3Aoff&qid=1605801230&refinements=p_n_publication_date%3A1250226011&rnid=1250225011&s=books&sr=1-152,0762495863
Wenger: My Life and Lessons in Red and White,$25.16,4.4 out of 5 stars,26,Empty,Empty,https://www.amazon.com//Wenger-Life-Lessons-Red-White/dp/179720615X/ref=sr_1_153?dchild=1&fst=as%3Aoff&qid=1605801230&refinements=p_n_publication_date%3A1250226011&rnid=1250225011&s=books&sr=1-153,179720615X
The Office of Historical Corrections: A Novella and Stories,$23.99,4.1 out of 5 stars,12,Empty,Empty,https://www.amazon.com//Office-Historical-Corrections-Novella-Stories/dp/1594487332/ref=sr_1_154?dchild=1&fst=as%3Aoff&qid=1605801230&refinements=p_n_publication_date%3A1250226011&rnid=1250225011&s=books&sr=1-154,1594487332
"The New Rules of Aging Well: A Simple Program for Immune Resilience, Strength, and Vitality",$17.58,4.6 out of 5 stars,55,Empty,Empty,https://www.amazon.com//New-Rules-Aging-Well-Resilience/dp/1579659594/ref=sr_1_155?dchild=1&fst=as%3Aoff&qid=1605801230&refinements=p_n_publication_date%3A1250226011&rnid=1250225011&s=books&sr=1-155,1579659594
Among Us Draw And Color: 2 in 1 Learn To Draw 20 Unique Among Us Characters + An Amazing Comic Coloring Book | More than 30 Among Us Iconic Scenes and ... Colouring Pages Included - Premium Quality,$8.99,5.0 out of 5 stars,3,in Comics & Manga Coloring Books for Grown-Ups,Best Seller,https://www.amazon.com//Among-Draw-Color-Characters-Colouring/dp/B08M8HF9S2/ref=sr_1_156?dchild=1&fst=as%3Aoff&qid=1605801230&refinements=p_n_publication_date%3A1250226011&rnid=1250225011&s=books&sr=1-156,B08M8HF9S2
"Brazen: Be a Voice, Not an Echo",$14.39,4.9 out of 5 stars,105,Empty,Empty,https://www.amazon.com//Brazen-Be-Voice-Not-Echo/dp/1952421071/ref=sr_1_157?dchild=1&fst=as%3Aoff&qid=1605801230&refinements=p_n_publication_date%3A1250226011&rnid=1250225011&s=books&sr=1-157,1952421071
The Cancer Code: A Revolutionary New Understanding of a Medical Mystery,$0.00,4.5 out of 5 stars,31,in Oncology,Best Seller,https://www.amazon.com//Cancer-Code-Revolutionary-Understanding-Medical/dp/B084RGT3H4/ref=sr_1_158?dchild=1&fst=as%3Aoff&qid=1605801230&refinements=p_n_publication_date%3A1250226011&rnid=1250225011&s=books&sr=1-158,B084RGT3H4
V2: A novel of World War II,$13.99,4.1 out of 5 stars,"2,183",Empty,Empty,https://www.amazon.com//V2-novel-World-War-II-ebook/dp/B084M6DHRW/ref=sr_1_159?dchild=1&fst=as%3Aoff&qid=1605801230&refinements=p_n_publication_date%3A1250226011&rnid=1250225011&s=books&sr=1-159,B084M6DHRW
God's Purpose for Your Life: 365 Devotions,$19.31,5.0 out of 5 stars,44,Empty,Empty,https://www.amazon.com//Gods-Purpose-Your-Life-Devotions/dp/1400219655/ref=sr_1_160?dchild=1&fst=as%3Aoff&qid=1605801230&refinements=p_n_publication_date%3A1250226011&rnid=1250225011&s=books&sr=1-160,1400219655
"Hollowpox: The Hunt for Morrigan Crow (Nevermoor, 3)",$9.99,4.8 out of 5 stars,553,Empty,Teachers' pick,https://www.amazon.com//Hollowpox-Hunt-Morrigan-Crow-Nevermoor/dp/0316508950/ref=sr_1_161?dchild=1&fst=as%3Aoff&qid=1605801232&refinements=p_n_publication_date%3A1250226011&rnid=1250225011&s=books&sr=1-161,0316508950
One of Those Days,$26.99,4.8 out of 5 stars,70,Empty,Empty,https://www.amazon.com//One-Those-Days-Yehuda-Devir/dp/0593231430/ref=sr_1_162?dchild=1&fst=as%3Aoff&qid=1605801232&refinements=p_n_publication_date%3A1250226011&rnid=1250225011&s=books&sr=1-162,0593231430
"The Immunity Fix: Strengthen Your Immune System, Fight Off Infections, Reverse Chronic Disease and Live a Healthier Life",$31.49,4.9 out of 5 stars,15,in Biochemistry,Best Seller,https://www.amazon.com//Immunity-Fix-Strengthen-Infections-Healthier/dp/B08M1QXXF6/ref=sr_1_163?dchild=1&fst=as%3Aoff&qid=1605801232&refinements=p_n_publication_date%3A1250226011&rnid=1250225011&s=books&sr=1-163,B08M1QXXF6
"Fabric of the Game: The Stories Behind the NHL's Names, Logos, and Uniforms",$22.49,4.5 out of 5 stars,20,in Branding & Logo Design,Best Seller,https://www.amazon.com//Fabric-Game-Stories-Behind-Uniforms/dp/1683583841/ref=sr_1_164?dchild=1&fst=as%3Aoff&qid=1605801232&refinements=p_n_publication_date%3A1250226011&rnid=1250225011&s=books&sr=1-164,1683583841
Harry Potter: A Pop-Up Guide to Diagon Alley and Beyond,$43.45,4.8 out of 5 stars,23,Empty,Empty,https://www.amazon.com//Harry-Potter-Pop-Up-Diagon-Beyond/dp/1683839188/ref=sr_1_165?dchild=1&fst=as%3Aoff&qid=1605801232&refinements=p_n_publication_date%3A1250226011&rnid=1250225011&s=books&sr=1-165,1683839188
GLORY: Magical Visions of Black Beauty,$22.17,4.8 out of 5 stars,111,in Children's Photography,Best Seller,https://www.amazon.com//GLORY-Magical-Visions-Black-Beauty/dp/1250204569/ref=sr_1_166?dchild=1&fst=as%3Aoff&qid=1605801232&refinements=p_n_publication_date%3A1250226011&rnid=1250225011&s=books&sr=1-166,1250204569
Embrace Yoga's Roots: Courageous Ways to Deepen Your Yoga Practice,$22.49,5.0 out of 5 stars,24,in General Sociology of Race Relations,Best Seller,https://www.amazon.com//Embrace-Yogas-Roots-Courageous-Practice/dp/1734318112/ref=sr_1_167?dchild=1&fst=as%3Aoff&qid=1605801232&refinements=p_n_publication_date%3A1250226011&rnid=1250225011&s=books&sr=1-167,1734318112
Leopard's Rage (A Leopard Novel Book 13),$7.99,4.4 out of 5 stars,612,Empty,Empty,https://www.amazon.com//Leopards-Rage-Leopard-Novel-Book-ebook/dp/B084M5R9FV/ref=sr_1_168?dchild=1&fst=as%3Aoff&qid=1605801232&refinements=p_n_publication_date%3A1250226011&rnid=1250225011&s=books&sr=1-168,B084M5R9FV
1620: A Critical Response to the 1619 Project,$24.92,Empty,Empty,in Historiography,Best Seller,https://www.amazon.com//1620-True-Beginning-American-Republic/dp/1641771240/ref=sr_1_169?dchild=1&fst=as%3Aoff&qid=1605801232&refinements=p_n_publication_date%3A1250226011&rnid=1250225011&s=books&sr=1-169,1641771240
We Will Not Be Silenced: Responding Courageously to Our Culture's Assault on Christianity,$15.84,5.0 out of 5 stars,6,Empty,Empty,https://www.amazon.com//Will-Not-Silenced-Courageously-Christianity/dp/0736981799/ref=sr_1_170?dchild=1&fst=as%3Aoff&qid=1605801232&refinements=p_n_publication_date%3A1250226011&rnid=1250225011&s=books&sr=1-170,0736981799
A Church in Crisis: Pathways Forward,$26.55,4.7 out of 5 stars,19,Empty,Empty,https://www.amazon.com//Church-Crisis-Pathways-Forward/dp/164585048X/ref=sr_1_171?dchild=1&fst=as%3Aoff&qid=1605801232&refinements=p_n_publication_date%3A1250226011&rnid=1250225011&s=books&sr=1-171,164585048X
"The Moth and the Mountain: A True Story of Love, War, and Everest",$24.26,4.0 out of 5 stars,1,in World War I History,Best Seller,https://www.amazon.com//Moth-Mountain-True-Story-Everest/dp/1501143379/ref=sr_1_172?dchild=1&fst=as%3Aoff&qid=1605801232&refinements=p_n_publication_date%3A1250226011&rnid=1250225011&s=books&sr=1-172,1501143379
The Creek (Bluey),$4.99,4.9 out of 5 stars,110,Empty,Empty,https://www.amazon.com//Creek-Bluey-Penguin-Readers-Licenses/dp/0593224574/ref=sr_1_173?dchild=1&fst=as%3Aoff&qid=1605801232&refinements=p_n_publication_date%3A1250226011&rnid=1250225011&s=books&sr=1-173,0593224574
Kid in the Kitchen: 100 Recipes and Tips for Young Home Cooks: A Cookbook,$20.00,5.0 out of 5 stars,2,Empty,Empty,https://www.amazon.com//Kid-Kitchen-Recipes-Young-Cooks/dp/0593232283/ref=sr_1_174?dchild=1&fst=as%3Aoff&qid=1605801232&refinements=p_n_publication_date%3A1250226011&rnid=1250225011&s=books&sr=1-174,0593232283
This Time Next Year We'll Be Laughing,$14.99,4.3 out of 5 stars,56,Empty,Empty,https://www.amazon.com//This-Time-Next-Year-Laughing-ebook/dp/B08681Y7KM/ref=sr_1_175?dchild=1&fst=as%3Aoff&qid=1605801232&refinements=p_n_publication_date%3A1250226011&rnid=1250225011&s=books&sr=1-175,B08681Y7KM
"Hope, Grace, & Faith",$9.99,4.7 out of 5 stars,820,in Television,Best Seller,https://www.amazon.com//Hope-Grace-Faith-Leah-Messer-ebook/dp/B085LP4FVX/ref=sr_1_176?dchild=1&fst=as%3Aoff&qid=1605801232&refinements=p_n_publication_date%3A1250226011&rnid=1250225011&s=books&sr=1-176,B085LP4FVX
Avatar: The Last Airbender--The Lost Adventures and Team Avatar Tales Library Edition,$32.14,4.4 out of 5 stars,28,Empty,Empty,https://www.amazon.com//Avatar-Airbender-Adventures-Tales-Library/dp/1506722741/ref=sr_1_177?dchild=1&fst=as%3Aoff&qid=1605801235&refinements=p_n_publication_date%3A1250226011&rnid=1250225011&s=books&sr=1-177,1506722741
The Magnolia Bakery Handbook: A Complete Guide for the Home Baker,$31.50,4.8 out of 5 stars,31,Empty,Empty,https://www.amazon.com//Magnolia-Bakery-Handbook-Complete-Guide/dp/0062887211/ref=sr_1_178?dchild=1&fst=as%3Aoff&qid=1605801235&refinements=p_n_publication_date%3A1250226011&rnid=1250225011&s=books&sr=1-178,0062887211
Time to Play!: A Sticker & Activity Book (Bluey),$7.99,4.4 out of 5 stars,45,Empty,Empty,https://www.amazon.com//Time-Play-Sticker-Activity-Bluey/dp/0593224558/ref=sr_1_179?dchild=1&fst=as%3Aoff&qid=1605801235&refinements=p_n_publication_date%3A1250226011&rnid=1250225011&s=books&sr=1-179,0593224558
"Demon Slayer: Kimetsu no Yaiba, Vol. 18 (18)",$9.99,5.0 out of 5 stars,97,Empty,Empty,https://www.amazon.com//Demon-Slayer-Kimetsu-Yaiba-Vol/dp/1974717607/ref=sr_1_180?dchild=1&fst=as%3Aoff&qid=1605801235&refinements=p_n_publication_date%3A1250226011&rnid=1250225011&s=books&sr=1-180,1974717607
East: 120 Vegan and Vegetarian Recipes from Bangalore to Beijing [American Measurements],$28.99,4.8 out of 5 stars,"1,102",Empty,Empty,https://www.amazon.com//East-Vegetarian-Bangalore-American-Measurements/dp/1250750733/ref=sr_1_181?dchild=1&fst=as%3Aoff&qid=1605801235&refinements=p_n_publication_date%3A1250226011&rnid=1250225011&s=books&sr=1-181,1250750733
Frozen 2: Dangerous Secrets: The Story of Iduna and Agnarr,$14.33,4.9 out of 5 stars,28,Empty,Empty,https://www.amazon.com//Frozen-Dangerous-Secrets-Story-Agnarr/dp/1368063616/ref=sr_1_182?dchild=1&fst=as%3Aoff&qid=1605801235&refinements=p_n_publication_date%3A1250226011&rnid=1250225011&s=books&sr=1-182,1368063616
The Silence: A Novel,$16.69,3.0 out of 5 stars,331,Empty,Empty,https://www.amazon.com//Silence-Novel-Don-DeLillo/dp/1982164557/ref=sr_1_183?dchild=1&fst=as%3Aoff&qid=1605801235&refinements=p_n_publication_date%3A1250226011&rnid=1250225011&s=books&sr=1-183,1982164557
The Dirty South: A Thriller (Charlie Parker Book 18),$14.99,4.5 out of 5 stars,"1,440",Empty,Empty,https://www.amazon.com//Dirty-South-Thriller-Charlie-Parker-ebook/dp/B07Z44CPS3/ref=sr_1_184?dchild=1&fst=as%3Aoff&qid=1605801235&refinements=p_n_publication_date%3A1250226011&rnid=1250225011&s=books&sr=1-184,B07Z44CPS3
"The Complete One Pot: 400 Meals for Your Skillet, Sheet Pan, Instant Pot®, Dutch Oven, and More (The Complete ATK Cookbook Series)",$22.87,4.7 out of 5 stars,22,Empty,Empty,https://www.amazon.com//Complete-One-Pot-Skillet-Instant/dp/1948703343/ref=sr_1_185?dchild=1&fst=as%3Aoff&qid=1605801235&refinements=p_n_publication_date%3A1250226011&rnid=1250225011&s=books&sr=1-185,1948703343
Can Holding in a Fart Kill You?: Over 150 Curious Questions and Intriguing Answers (Fascinating Bathroom Readers),$11.99,4.6 out of 5 stars,345,Empty,Empty,https://www.amazon.com//Can-Holding-Fart-Kill-You/dp/1612434754/ref=sr_1_186?dchild=1&fst=as%3Aoff&qid=1605801235&refinements=p_n_publication_date%3A1250226011&rnid=1250225011&s=books&sr=1-186,1612434754
"Letters From Father Christmas, Centenary Edition",$25.20,4.7 out of 5 stars,819,in Watercolor Painting,Best Seller,https://www.amazon.com//Letters-Father-Christmas-Centenary-Tolkien/dp/0358389887/ref=sr_1_187?dchild=1&fst=as%3Aoff&qid=1605801235&refinements=p_n_publication_date%3A1250226011&rnid=1250225011&s=books&sr=1-187,0358389887
Quick Prep Paleo: Simple Whole-Food Meals with 5 to 15 Minutes of Hands-On Time,$19.79,5.0 out of 5 stars,74,Empty,Empty,https://www.amazon.com//Quick-Prep-Paleo-Whole-Food-Hands/dp/1645671089/ref=sr_1_188?dchild=1&fst=as%3Aoff&qid=1605801235&refinements=p_n_publication_date%3A1250226011&rnid=1250225011&s=books&sr=1-188,1645671089
National Parks Bucket Journal: U.S. Adventure Log List Guide | America Passport & Stamp Book | Lodges & Trip Planner,$9.99,5.0 out of 5 stars,1,in Rock Climbing,Best Seller,https://www.amazon.com//National-Parks-Bucket-Journal-Adventure/dp/B08M8GWKL8/ref=sr_1_189?dchild=1&fst=as%3Aoff&qid=1605801235&refinements=p_n_publication_date%3A1250226011&rnid=1250225011&s=books&sr=1-189,B08M8GWKL8
What Would Frida Do?: A Guide to Living Boldly,$22.21,4.5 out of 5 stars,46,Empty,Empty,https://www.amazon.com//What-Would-Frida-Do-Living/dp/1541646320/ref=sr_1_190?dchild=1&fst=as%3Aoff&qid=1605801235&refinements=p_n_publication_date%3A1250226011&rnid=1250225011&s=books&sr=1-190,1541646320
It's a Wonderful Life: The Illustrated Holiday Classic,$17.06,4.9 out of 5 stars,10,Empty,Empty,https://www.amazon.com//Its-Wonderful-Life-Illustrated-Holiday-Classic/dp/1683839447/ref=sr_1_191?dchild=1&fst=as%3Aoff&qid=1605801235&refinements=p_n_publication_date%3A1250226011&rnid=1250225011&s=books&sr=1-191,1683839447
Film for Her,$15.38,Empty,Empty,in Gay & Lesbian Poetry,Best Seller,https://www.amazon.com//Film-Her-Orion-Carloto/dp/1524853771/ref=sr_1_192?dchild=1&fst=as%3Aoff&qid=1605801235&refinements=p_n_publication_date%3A1250226011&rnid=1250225011&s=books&sr=1-192,1524853771
Avatar: The Last Airbender--The Lost Adventures and Team Avatar Tales Library Edition,$32.14,4.4 out of 5 stars,28,Empty,Empty,https://www.amazon.com//Avatar-Airbender-Adventures-Tales-Library/dp/1506722741/ref=sr_1_177?dchild=1&fst=as%3Aoff&qid=1605801235&refinements=p_n_publication_date%3A1250226011&rnid=1250225011&s=books&sr=1-177,1506722741
The Magnolia Bakery Handbook: A Complete Guide for the Home Baker,$31.50,4.8 out of 5 stars,31,Empty,Empty,https://www.amazon.com//Magnolia-Bakery-Handbook-Complete-Guide/dp/0062887211/ref=sr_1_178?dchild=1&fst=as%3Aoff&qid=1605801235&refinements=p_n_publication_date%3A1250226011&rnid=1250225011&s=books&sr=1-178,0062887211
Time to Play!: A Sticker & Activity Book (Bluey),$7.99,4.4 out of 5 stars,45,Empty,Empty,https://www.amazon.com//Time-Play-Sticker-Activity-Bluey/dp/0593224558/ref=sr_1_179?dchild=1&fst=as%3Aoff&qid=1605801235&refinements=p_n_publication_date%3A1250226011&rnid=1250225011&s=books&sr=1-179,0593224558
"Demon Slayer: Kimetsu no Yaiba, Vol. 18 (18)",$9.99,5.0 out of 5 stars,97,Empty,Empty,https://www.amazon.com//Demon-Slayer-Kimetsu-Yaiba-Vol/dp/1974717607/ref=sr_1_180?dchild=1&fst=as%3Aoff&qid=1605801235&refinements=p_n_publication_date%3A1250226011&rnid=1250225011&s=books&sr=1-180,1974717607
East: 120 Vegan and Vegetarian Recipes from Bangalore to Beijing [American Measurements],$28.99,4.8 out of 5 stars,"1,102",Empty,Empty,https://www.amazon.com//East-Vegetarian-Bangalore-American-Measurements/dp/1250750733/ref=sr_1_181?dchild=1&fst=as%3Aoff&qid=1605801235&refinements=p_n_publication_date%3A1250226011&rnid=1250225011&s=books&sr=1-181,1250750733
Frozen 2: Dangerous Secrets: The Story of Iduna and Agnarr,$14.33,4.9 out of 5 stars,28,Empty,Empty,https://www.amazon.com//Frozen-Dangerous-Secrets-Story-Agnarr/dp/1368063616/ref=sr_1_182?dchild=1&fst=as%3Aoff&qid=1605801235&refinements=p_n_publication_date%3A1250226011&rnid=1250225011&s=books&sr=1-182,1368063616
The Silence: A Novel,$16.69,3.0 out of 5 stars,331,Empty,Empty,https://www.amazon.com//Silence-Novel-Don-DeLillo/dp/1982164557/ref=sr_1_183?dchild=1&fst=as%3Aoff&qid=1605801235&refinements=p_n_publication_date%3A1250226011&rnid=1250225011&s=books&sr=1-183,1982164557
The Dirty South: A Thriller (Charlie Parker Book 18),$14.99,4.5 out of 5 stars,"1,440",Empty,Empty,https://www.amazon.com//Dirty-South-Thriller-Charlie-Parker-ebook/dp/B07Z44CPS3/ref=sr_1_184?dchild=1&fst=as%3Aoff&qid=1605801235&refinements=p_n_publication_date%3A1250226011&rnid=1250225011&s=books&sr=1-184,B07Z44CPS3
"The Complete One Pot: 400 Meals for Your Skillet, Sheet Pan, Instant Pot®, Dutch Oven, and More (The Complete ATK Cookbook Series)",$22.87,4.7 out of 5 stars,22,Empty,Empty,https://www.amazon.com//Complete-One-Pot-Skillet-Instant/dp/1948703343/ref=sr_1_185?dchild=1&fst=as%3Aoff&qid=1605801235&refinements=p_n_publication_date%3A1250226011&rnid=1250225011&s=books&sr=1-185,1948703343
Can Holding in a Fart Kill You?: Over 150 Curious Questions and Intriguing Answers (Fascinating Bathroom Readers),$11.99,4.6 out of 5 stars,345,Empty,Empty,https://www.amazon.com//Can-Holding-Fart-Kill-You/dp/1612434754/ref=sr_1_186?dchild=1&fst=as%3Aoff&qid=1605801235&refinements=p_n_publication_date%3A1250226011&rnid=1250225011&s=books&sr=1-186,1612434754
"Letters From Father Christmas, Centenary Edition",$25.20,4.7 out of 5 stars,819,in Watercolor Painting,Best Seller,https://www.amazon.com//Letters-Father-Christmas-Centenary-Tolkien/dp/0358389887/ref=sr_1_187?dchild=1&fst=as%3Aoff&qid=1605801235&refinements=p_n_publication_date%3A1250226011&rnid=1250225011&s=books&sr=1-187,0358389887
Quick Prep Paleo: Simple Whole-Food Meals with 5 to 15 Minutes of Hands-On Time,$19.79,5.0 out of 5 stars,74,Empty,Empty,https://www.amazon.com//Quick-Prep-Paleo-Whole-Food-Hands/dp/1645671089/ref=sr_1_188?dchild=1&fst=as%3Aoff&qid=1605801235&refinements=p_n_publication_date%3A1250226011&rnid=1250225011&s=books&sr=1-188,1645671089
National Parks Bucket Journal: U.S. Adventure Log List Guide | America Passport & Stamp Book | Lodges & Trip Planner,$9.99,5.0 out of 5 stars,1,in Rock Climbing,Best Seller,https://www.amazon.com//National-Parks-Bucket-Journal-Adventure/dp/B08M8GWKL8/ref=sr_1_189?dchild=1&fst=as%3Aoff&qid=1605801235&refinements=p_n_publication_date%3A1250226011&rnid=1250225011&s=books&sr=1-189,B08M8GWKL8
What Would Frida Do?: A Guide to Living Boldly,$22.21,4.5 out of 5 stars,46,Empty,Empty,https://www.amazon.com//What-Would-Frida-Do-Living/dp/1541646320/ref=sr_1_190?dchild=1&fst=as%3Aoff&qid=1605801235&refinements=p_n_publication_date%3A1250226011&rnid=1250225011&s=books&sr=1-190,1541646320
It's a Wonderful Life: The Illustrated Holiday Classic,$17.06,4.9 out of 5 stars,10,Empty,Empty,https://www.amazon.com//Its-Wonderful-Life-Illustrated-Holiday-Classic/dp/1683839447/ref=sr_1_191?dchild=1&fst=as%3Aoff&qid=1605801235&refinements=p_n_publication_date%3A1250226011&rnid=1250225011&s=books&sr=1-191,1683839447
Film for Her,$15.38,Empty,Empty,in Gay & Lesbian Poetry,Best Seller,https://www.amazon.com//Film-Her-Orion-Carloto/dp/1524853771/ref=sr_1_192?dchild=1&fst=as%3Aoff&qid=1605801235&refinements=p_n_publication_date%3A1250226011&rnid=1250225011&s=books&sr=1-192,1524853771
Traitor: A History of American Betrayal from Benedict Arnold to Donald Trump,$25.19,4.6 out of 5 stars,68,Empty,Empty,https://www.amazon.com//Traitor-Case-Against-Donald-Trump/dp/1250228832/ref=sr_1_193?dchild=1&fst=as%3Aoff&qid=1605801238&refinements=p_n_publication_date%3A1250226011&rnid=1250225011&s=books&sr=1-193,1250228832
Red Comet: The Short Life and Blazing Art of Sylvia Plath,$36.00,4.6 out of 5 stars,20,Empty,Empty,https://www.amazon.com//Red-Comet-Short-Blazing-Sylvia/dp/0307961168/ref=sr_1_194?dchild=1&fst=as%3Aoff&qid=1605801238&refinements=p_n_publication_date%3A1250226011&rnid=1250225011&s=books&sr=1-194,0307961168
Lightning Flowers: My Journey to Uncover the Cost of Saving a Life,$19.15,4.8 out of 5 stars,43,Empty,Empty,https://www.amazon.com//Lightning-Flowers-Journey-Uncover-Saving/dp/0316450367/ref=sr_1_195?dchild=1&fst=as%3Aoff&qid=1605801238&refinements=p_n_publication_date%3A1250226011&rnid=1250225011&s=books&sr=1-195,0316450367
Year of the Witch: Connecting with Nature's Seasons through Intuitive Magick,$13.46,4.9 out of 5 stars,73,in New Age Goddesses,Best Seller,https://www.amazon.com//Year-Witch-Connecting-Natures-Intuitive/dp/1578637120/ref=sr_1_196?dchild=1&fst=as%3Aoff&qid=1605801238&refinements=p_n_publication_date%3A1250226011&rnid=1250225011&s=books&sr=1-196,1578637120
Love & Olives,$16.14,4.6 out of 5 stars,31,Empty,Empty,https://www.amazon.com//Love-Olives-Jenna-Evans-Welch/dp/1534448837/ref=sr_1_197?dchild=1&fst=as%3Aoff&qid=1605801238&refinements=p_n_publication_date%3A1250226011&rnid=1250225011&s=books&sr=1-197,1534448837
Cobble Hill: A Novel,$12.99,3.6 out of 5 stars,49,Empty,Empty,https://www.amazon.com//Cobble-Hill-Cecily-von-Ziegesar-ebook/dp/B084G9MQ36/ref=sr_1_198?dchild=1&fst=as%3Aoff&qid=1605801238&refinements=p_n_publication_date%3A1250226011&rnid=1250225011&s=books&sr=1-198,B084G9MQ36
Dungeons & Dragons Dungeon Master's Screen Wilderness Kit (D&D Accessories),$22.49,4.7 out of 5 stars,4,Empty,Empty,https://www.amazon.com//Dungeons-Dragons-Dungeon-Wilderness-Accessories/dp/078696720X/ref=sr_1_199?dchild=1&fst=as%3Aoff&qid=1605801238&refinements=p_n_publication_date%3A1250226011&rnid=1250225011&s=books&sr=1-199,078696720X
Rhythms for Life Planner and Journal: 90 Days to Peace and Purpose,$22.20,4.8 out of 5 stars,48,Empty,Empty,https://www.amazon.com//Rhythms-Life-Planner-Journal-Purpose/dp/0310361168/ref=sr_1_200?dchild=1&fst=as%3Aoff&qid=1605801238&refinements=p_n_publication_date%3A1250226011&rnid=1250225011&s=books&sr=1-200,0310361168
"Alright, Alright, Alright: The Oral History of Richard Linklater's Dazed and Confused",$20.99,Empty,Empty,in Comedy Movies,Best Seller,https://www.amazon.com//Alright-History-Richard-Linklaters-Confused/dp/0062908502/ref=sr_1_201?dchild=1&fst=as%3Aoff&qid=1605801238&refinements=p_n_publication_date%3A1250226011&rnid=1250225011&s=books&sr=1-201,0062908502
Hidden in Plain Sight: A Detective William Warwick Novel (William Warwick Novels Book 2),$14.99,4.2 out of 5 stars,"1,095",Empty,Empty,https://www.amazon.com//Hidden-Plain-Sight-Detective-William-ebook/dp/B084M1B6GQ/ref=sr_1_202?dchild=1&fst=as%3Aoff&qid=1605801238&refinements=p_n_publication_date%3A1250226011&rnid=1250225011&s=books&sr=1-202,B084M1B6GQ
Holiday Magic at the Disney Parks: Celebrations Around the World from Fall to Winter (Disney Editions Deluxe),$54.00,4.7 out of 5 stars,39,Empty,Empty,https://www.amazon.com//Holiday-Magic-Disney-Parks-Celebrations/dp/1484747011/ref=sr_1_203?dchild=1&fst=as%3Aoff&qid=1605801238&refinements=p_n_publication_date%3A1250226011&rnid=1250225011&s=books&sr=1-203,1484747011
Complex Presents: Sneaker of the Year: The Best Since '85,$27.63,4.7 out of 5 stars,74,Empty,Empty,https://www.amazon.com//Complex-Presents-Sneaker-Year-Since/dp/1419745794/ref=sr_1_204?dchild=1&fst=as%3Aoff&qid=1605801238&refinements=p_n_publication_date%3A1250226011&rnid=1250225011&s=books&sr=1-204,1419745794
Love Your Life,$0.00,4.0 out of 5 stars,566,Empty,Empty,https://www.amazon.com//Love-Your-Life/dp/B08CGTY1JW/ref=sr_1_205?dchild=1&fst=as%3Aoff&qid=1605801238&refinements=p_n_publication_date%3A1250226011&rnid=1250225011&s=books&sr=1-205,B08CGTY1JW
The Last Druid (The Fall of Shannara Book 4),$14.99,4.6 out of 5 stars,499,Empty,Empty,https://www.amazon.com//Last-Druid-Fall-Shannara-Book-ebook/dp/B07XJKL1FQ/ref=sr_1_206?dchild=1&fst=as%3Aoff&qid=1605801238&refinements=p_n_publication_date%3A1250226011&rnid=1250225011&s=books&sr=1-206,B07XJKL1FQ
Best American Short Stories 2020 (The Best American Series ®),$15.29,4.5 out of 5 stars,12,Empty,Empty,https://www.amazon.com//Best-American-Short-Stories-2020/dp/1328485374/ref=sr_1_207?dchild=1&fst=as%3Aoff&qid=1605801238&refinements=p_n_publication_date%3A1250226011&rnid=1250225011&s=books&sr=1-207,1328485374
Christmas at the Island Hotel: A Novel,$12.78,4.4 out of 5 stars,419,Empty,Empty,https://www.amazon.com//Christmas-at-Island-Hotel-Novel/dp/0062911287/ref=sr_1_208?dchild=1&fst=as%3Aoff&qid=1605801238&refinements=p_n_publication_date%3A1250226011&rnid=1250225011&s=books&sr=1-208,0062911287
Inside Story: A novel,$21.56,4.2 out of 5 stars,102,Empty,Empty,https://www.amazon.com//Inside-Story-novel-Martin-Amis/dp/0593318293/ref=sr_1_209?dchild=1&fst=as%3Aoff&qid=1605801243&refinements=p_n_publication_date%3A1250226011&rnid=1250225011&s=books&sr=1-209,0593318293
Ex Libris: 100+ Books to Read and Reread,$22.50,4.8 out of 5 stars,9,Empty,Empty,https://www.amazon.com//Ex-Libris-Books-Read-Reread/dp/0525574972/ref=sr_1_210?dchild=1&fst=as%3Aoff&qid=1605801243&refinements=p_n_publication_date%3A1250226011&rnid=1250225011&s=books&sr=1-210,0525574972
ampersand,$15.00,Empty,Empty,Empty,Empty,https://www.amazon.com//ampersand-R-Cam/dp/B08NF2QTRZ/ref=sr_1_211?dchild=1&fst=as%3Aoff&qid=1605801243&refinements=p_n_publication_date%3A1250226011&rnid=1250225011&s=books&sr=1-211,B08NF2QTRZ
Father-ish: Laugh-Out-Loud Tales From a Dad Trying Not to Ruin His Kids' Lives,$13.20,5.0 out of 5 stars,30,Empty,Empty,https://www.amazon.com//Father-ish-Laugh-Out-Loud-Tales-Trying-Lives/dp/1645671461/ref=sr_1_212?dchild=1&fst=as%3Aoff&qid=1605801243&refinements=p_n_publication_date%3A1250226011&rnid=1250225011&s=books&sr=1-212,1645671461
Singular Sensation: The Triumph of Broadway,$21.49,4.0 out of 5 stars,5,in Performing Arts History & Criticism,Best Seller,https://www.amazon.com//Singular-Sensation-Broadway-Michael-Riedel/dp/1501166638/ref=sr_1_213?dchild=1&fst=as%3Aoff&qid=1605801243&refinements=p_n_publication_date%3A1250226011&rnid=1250225011&s=books&sr=1-213,1501166638
Collected Stories,$24.15,5.0 out of 5 stars,2,Empty,Empty,https://www.amazon.com//Collected-Stories-Shirley-Hazzard/dp/0374126488/ref=sr_1_214?dchild=1&fst=as%3Aoff&qid=1605801243&refinements=p_n_publication_date%3A1250226011&rnid=1250225011&s=books&sr=1-214,0374126488
Time to Eat: Delicious Meals for Busy Lives: A Cookbook,$21.67,4.5 out of 5 stars,16,Empty,Empty,https://www.amazon.com//Time-Eat-Delicious-Meals-Cookbook/dp/0593233530/ref=sr_1_215?dchild=1&fst=as%3Aoff&qid=1605801243&refinements=p_n_publication_date%3A1250226011&rnid=1250225011&s=books&sr=1-215,0593233530
Who Not How: The Formula to Achieve Bigger Goals Through Accelerating Teamwork,$11.99,4.7 out of 5 stars,158,Empty,Empty,https://www.amazon.com//Who-Not-How-Accelerating-Teamwork-ebook/dp/B0867ZJ151/ref=sr_1_216?dchild=1&fst=as%3Aoff&qid=1605801243&refinements=p_n_publication_date%3A1250226011&rnid=1250225011&s=books&sr=1-216,B0867ZJ151
To Be a Man: Stories,$24.29,4.5 out of 5 stars,10,Empty,Empty,https://www.amazon.com//Be-Man-Stories-Nicole-Krauss/dp/0062431021/ref=sr_1_217?dchild=1&fst=as%3Aoff&qid=1605801243&refinements=p_n_publication_date%3A1250226011&rnid=1250225011&s=books&sr=1-217,0062431021
Shake Strain Done: Craft Cocktails at Home,$22.21,4.6 out of 5 stars,6,Empty,Empty,https://www.amazon.com//Shake-Strain-Done-Craft-Cocktails/dp/0316428515/ref=sr_1_218?dchild=1&fst=as%3Aoff&qid=1605801243&refinements=p_n_publication_date%3A1250226011&rnid=1250225011&s=books&sr=1-218,0316428515
"Metropolis: A History of the City, Humankind's Greatest Invention",$29.25,5.0 out of 5 stars,1,Empty,Empty,https://www.amazon.com//Metropolis-History-Humankinds-Greatest-Invention/dp/0385543468/ref=sr_1_219?dchild=1&fst=as%3Aoff&qid=1605801243&refinements=p_n_publication_date%3A1250226011&rnid=1250225011&s=books&sr=1-219,0385543468
Conversations with RBG,$15.19,4.8 out of 5 stars,593,Empty,Empty,https://www.amazon.com//Conversations-RBG-Bader-Ginsburg-Liberty/dp/1250762642/ref=sr_1_220?dchild=1&fst=as%3Aoff&qid=1605801243&refinements=p_n_publication_date%3A1250226011&rnid=1250225011&s=books&sr=1-220,1250762642
HALO: Shadows of Reach,$0.00,4.8 out of 5 stars,241,Empty,Empty,https://www.amazon.com//HALO-Shadows-of-Reach/dp/B0848DKF44/ref=sr_1_221?dchild=1&fst=as%3Aoff&qid=1605801243&refinements=p_n_publication_date%3A1250226011&rnid=1250225011&s=books&sr=1-221,B0848DKF44
"Focus: Bringing Time, Energy, and Money into Flow",$1.99,5.0 out of 5 stars,3,in New Age Meditation,Best Seller,https://www.amazon.com//Focus-Bringing-Time-Energy-Money-ebook/dp/B084V8C8BM/ref=sr_1_222?dchild=1&fst=as%3Aoff&qid=1605801243&refinements=p_n_publication_date%3A1250226011&rnid=1250225011&s=books&sr=1-222,B084V8C8BM
Piquet Yarns: Volume 1,$8.00,5.0 out of 5 stars,6,Empty,Empty,https://www.amazon.com//Piquet-Yarns-1-Lads/dp/B08N83CG3X/ref=sr_1_223?dchild=1&fst=as%3Aoff&qid=1605801243&refinements=p_n_publication_date%3A1250226011&rnid=1250225011&s=books&sr=1-223,B08N83CG3X
Instant Karma,$15.72,4.2 out of 5 stars,73,Empty,Empty,https://www.amazon.com//Instant-Karma-Marissa-Meyer/dp/1250618819/ref=sr_1_224?dchild=1&fst=as%3Aoff&qid=1605801243&refinements=p_n_publication_date%3A1250226011&rnid=1250225011&s=books&sr=1-224,1250618819
The Fabric of Civilization: How Textiles Made the World,$25.54,4.7 out of 5 stars,10,in Polymers & Textiles,Best Seller,https://www.amazon.com//Fabric-Civilization-Textiles-Made-World/dp/1541617606/ref=sr_1_225?dchild=1&fst=as%3Aoff&qid=1605801246&refinements=p_n_publication_date%3A1250226011&rnid=1250225011&s=books&sr=1-225,1541617606
Tarot del Toro: A Tarot Deck and Guidebook Inspired by the World of Guillermo del Toro,$26.37,4.6 out of 5 stars,111,Empty,Empty,https://www.amazon.com//Tarot-del-Toro-Guidebook-Guillermo/dp/168383979X/ref=sr_1_226?dchild=1&fst=as%3Aoff&qid=1605801246&refinements=p_n_publication_date%3A1250226011&rnid=1250225011&s=books&sr=1-226,168383979X
Young Bucks: Killing the Business from Backyards to the Big Leagues,$25.19,5.0 out of 5 stars,2,in Wrestling,Best Seller,https://www.amazon.com//Young-Bucks-Killing-Business-Backyards/dp/0062937839/ref=sr_1_227?dchild=1&fst=as%3Aoff&qid=1605801246&refinements=p_n_publication_date%3A1250226011&rnid=1250225011&s=books&sr=1-227,0062937839
Bigger Than Basketball: The Dayton Flyers' Greatest Season,$18.00,5.0 out of 5 stars,1,Empty,Empty,https://www.amazon.com//Bigger-Than-Basketball-Dayton-Greatest/dp/1954020007/ref=sr_1_228?dchild=1&fst=as%3Aoff&qid=1605801246&refinements=p_n_publication_date%3A1250226011&rnid=1250225011&s=books&sr=1-228,1954020007
The Open Road: 50 Best Road Trips in the USA (Travel Guide),$25.19,5.0 out of 5 stars,10,Empty,Empty,https://www.amazon.com//Open-Road-Trips-Travel-Guide/dp/164049930X/ref=sr_1_229?dchild=1&fst=as%3Aoff&qid=1605801246&refinements=p_n_publication_date%3A1250226011&rnid=1250225011&s=books&sr=1-229,164049930X
The Burning God (The Poppy War),$24.29,5.0 out of 5 stars,5,Empty,Empty,https://www.amazon.com//Burning-God-Poppy-War/dp/0062662627/ref=sr_1_230?dchild=1&fst=as%3Aoff&qid=1605801246&refinements=p_n_publication_date%3A1250226011&rnid=1250225011&s=books&sr=1-230,0062662627
TruthFilled - Bible Study Book,$16.99,4.5 out of 5 stars,8,Empty,Empty,https://www.amazon.com//TruthFilled-Bible-Ruth-Chou-Simons/dp/1535991852/ref=sr_1_231?dchild=1&fst=as%3Aoff&qid=1605801246&refinements=p_n_publication_date%3A1250226011&rnid=1250225011&s=books&sr=1-231,1535991852
"The Interior Design Handbook: Furnish, Decorate, and Style Your Space",$24.30,5.0 out of 5 stars,16,Empty,Empty,https://www.amazon.com//Interior-Design-Handbook-Furnish-Decorate/dp/0593139313/ref=sr_1_232?dchild=1&fst=as%3Aoff&qid=1605801246&refinements=p_n_publication_date%3A1250226011&rnid=1250225011&s=books&sr=1-232,0593139313
Goodnight Scranton,$15.26,4.6 out of 5 stars,26,Empty,Empty,https://www.amazon.com//Goodnight-Scranton-Mark-Cloud/dp/B08LNJL3LQ/ref=sr_1_233?dchild=1&fst=as%3Aoff&qid=1605801246&refinements=p_n_publication_date%3A1250226011&rnid=1250225011&s=books&sr=1-233,B08LNJL3LQ
Metazoa: Animal Life and the Birth of the Mind,$25.20,4.6 out of 5 stars,3,Empty,Empty,https://www.amazon.com//Metazoa-Animal-Life-Birth-Mind/dp/0374207941/ref=sr_1_234?dchild=1&fst=as%3Aoff&qid=1605801246&refinements=p_n_publication_date%3A1250226011&rnid=1250225011&s=books&sr=1-234,0374207941
Kingdom of the Wicked (Kingdom of the Wicked (1)),$16.14,4.5 out of 5 stars,197,Empty,Empty,https://www.amazon.com//Kingdom-Wicked-1/dp/0316428469/ref=sr_1_235?dchild=1&fst=as%3Aoff&qid=1605801246&refinements=p_n_publication_date%3A1250226011&rnid=1250225011&s=books&sr=1-235,0316428469
Grace Is Enough: A 30-Day Christian Devotional to Help Women Turn Anxiety and Insecurity into Confidence,$15.08,4.9 out of 5 stars,41,Empty,Empty,https://www.amazon.com//Grace-Enough-Devotional-Insecurity-Confidence/dp/195096812X/ref=sr_1_236?dchild=1&fst=as%3Aoff&qid=1605801246&refinements=p_n_publication_date%3A1250226011&rnid=1250225011&s=books&sr=1-236,195096812X
Chicken Thoughts: Comics About Birds,$19.99,5.0 out of 5 stars,102,Empty,Empty,https://www.amazon.com//Chicken-Thoughts-Comics-About-Birds/dp/1087888735/ref=sr_1_237?dchild=1&fst=as%3Aoff&qid=1605801246&refinements=p_n_publication_date%3A1250226011&rnid=1250225011&s=books&sr=1-237,1087888735
"Ravenna: Capital of Empire, Crucible of Europe",$26.96,4.6 out of 5 stars,71,Empty,Empty,https://www.amazon.com//Ravenna-8211-Capital-Late-Antiqui/dp/0691153434/ref=sr_1_238?dchild=1&fst=as%3Aoff&qid=1605801246&refinements=p_n_publication_date%3A1250226011&rnid=1250225011&s=books&sr=1-238,0691153434
EDDIE VAN HALEN: 1955-2020,$12.82,4.7 out of 5 stars,30,Empty,Empty,https://www.amazon.com//EDDIE-HALEN-Bauer-Media-Group/dp/B08L1Q5Z2L/ref=sr_1_239?dchild=1&fst=as%3Aoff&qid=1605801246&refinements=p_n_publication_date%3A1250226011&rnid=1250225011&s=books&sr=1-239,B08L1Q5Z2L
How to Make a Slave and Other Essays (21st Century Essays),$17.96,4.8 out of 5 stars,5,Empty,Empty,https://www.amazon.com//Make-Slave-Other-Essays-Century/dp/081425599X/ref=sr_1_240?dchild=1&fst=as%3Aoff&qid=1605801246&refinements=p_n_publication_date%3A1250226011&rnid=1250225011&s=books&sr=1-240,081425599X
Bips and Roses: Zoey and Sassafras #8,$5.99,5.0 out of 5 stars,90,Empty,Empty,https://www.amazon.com//Bips-Roses-Zoey-Sassafras-8/dp/1943147817/ref=sr_1_241?dchild=1&fst=as%3Aoff&qid=1605801249&refinements=p_n_publication_date%3A1250226011&rnid=1250225011&s=books&sr=1-241,1943147817
Seasons of the Witch: Samhain Oracle: Harness the Intuitive Power of the Year's Most Magical Night (Rockpool Oracle Card Series),$19.76,4.9 out of 5 stars,134,Empty,Empty,https://www.amazon.com//Seasons-Witch-Samhain-Harness-Intuitive/dp/1925924653/ref=sr_1_242?dchild=1&fst=as%3Aoff&qid=1605801249&refinements=p_n_publication_date%3A1250226011&rnid=1250225011&s=books&sr=1-242,1925924653
Midwinter Murder: Fireside Tales from the Queen of Mystery,$14.99,4.7 out of 5 stars,93,Empty,Empty,https://www.amazon.com//Midwinter-Murder-Fireside-Tales-Mystery/dp/0063030365/ref=sr_1_243?dchild=1&fst=as%3Aoff&qid=1605801249&refinements=p_n_publication_date%3A1250226011&rnid=1250225011&s=books&sr=1-243,0063030365
The Fires of Vengeance (The Burning Book 2),$14.99,4.5 out of 5 stars,238,in Black & African American Fantasy Fiction,Best Seller,https://www.amazon.com//Fires-Vengeance-Burning-Book-ebook/dp/B07ZZ1Y1PK/ref=sr_1_244?dchild=1&fst=as%3Aoff&qid=1605801249&refinements=p_n_publication_date%3A1250226011&rnid=1250225011&s=books&sr=1-244,B07ZZ1Y1PK
A Storm of Swords: The Illustrated Edition: The Illustrated Edition (A Song of Ice and Fire Illustrated Edition),$28.41,3.9 out of 5 stars,27,Empty,Empty,https://www.amazon.com//Storm-Swords-Illustrated-Song-Fire/dp/0593158954/ref=sr_1_245?dchild=1&fst=as%3Aoff&qid=1605801249&refinements=p_n_publication_date%3A1250226011&rnid=1250225011&s=books&sr=1-245,0593158954
Plantopedia: The Definitive Guide to Houseplants,$29.95,4.2 out of 5 stars,31,Empty,Empty,https://www.amazon.com//Plantopedia-Definitive-Houseplants-Lauren-Camilleri/dp/1925811778/ref=sr_1_246?dchild=1&fst=as%3Aoff&qid=1605801249&refinements=p_n_publication_date%3A1250226011&rnid=1250225011&s=books&sr=1-246,1925811778
Trump Rules: Learn the Trump Rules and Tools of Mega Success and Wealth From the Greatest Warrior and Winner in History!,$27.17,5.0 out of 5 stars,4,Empty,Empty,https://www.amazon.com//Trump-Rules-Success-Greatest-Warrior/dp/1952106664/ref=sr_1_247?dchild=1&fst=as%3Aoff&qid=1605801249&refinements=p_n_publication_date%3A1250226011&rnid=1250225011&s=books&sr=1-247,1952106664
Rolling Stone Remembering Eddie Van Halen: Plus The 100 Greatest Guitarists of All Time,$14.08,4.1 out of 5 stars,15,Empty,Empty,https://www.amazon.com//Rolling-Stone-Remembering-Eddie-Halen/dp/1547856416/ref=sr_1_248?dchild=1&fst=as%3Aoff&qid=1605801249&refinements=p_n_publication_date%3A1250226011&rnid=1250225011&s=books&sr=1-248,1547856416
Star Wars Complete Vehicles New Edition,$36.00,4.5 out of 5 stars,28,Empty,Empty,https://www.amazon.com//Star-Wars-Complete-Vehicles-New/dp/0744020573/ref=sr_1_249?dchild=1&fst=as%3Aoff&qid=1605801249&refinements=p_n_publication_date%3A1250226011&rnid=1250225011&s=books&sr=1-249,0744020573
Spiritual Intelligence: The Art of Thinking Like God,$22.49,4.8 out of 5 stars,98,Empty,Empty,https://www.amazon.com//Spiritual-Intelligence-Art-Thinking-Like/dp/0800761804/ref=sr_1_250?dchild=1&fst=as%3Aoff&qid=1605801249&refinements=p_n_publication_date%3A1250226011&rnid=1250225011&s=books&sr=1-250,0800761804
How May I Offend You Today?: Rants and Revelations from a Not-So-Proper Southern Lady,$15.68,4.9 out of 5 stars,257,Empty,Empty,https://www.amazon.com//How-May-Offend-Today-Not-So-Proper/dp/1400208041/ref=sr_1_251?dchild=1&fst=as%3Aoff&qid=1605801249&refinements=p_n_publication_date%3A1250226011&rnid=1250225011&s=books&sr=1-251,1400208041
NYT Explorer. 100 Trips Around the World,$40.00,4.6 out of 5 stars,3,Empty,Empty,https://www.amazon.com//NYT-Explorer-Trips-Around-World/dp/3836584174/ref=sr_1_252?dchild=1&fst=as%3Aoff&qid=1605801249&refinements=p_n_publication_date%3A1250226011&rnid=1250225011&s=books&sr=1-252,3836584174
Funster 100+ Large Print Easy Crossword Puzzles: Crossword Puzzle Book for Adults,$7.95,5.0 out of 5 stars,8,Empty,Empty,https://www.amazon.com//Funster-Large-Print-Crossword-Puzzles/dp/1953561020/ref=sr_1_253?dchild=1&fst=as%3Aoff&qid=1605801249&refinements=p_n_publication_date%3A1250226011&rnid=1250225011&s=books&sr=1-253,1953561020
The Boy from the Woods,$0.00,4.4 out of 5 stars,"5,794",Empty,Empty,https://www.amazon.com//The-Boy-from-Woods-Harlan-Coben-audiobook/dp/B07ZPDRVYF/ref=sr_1_254?dchild=1&fst=as%3Aoff&qid=1605801249&refinements=p_n_publication_date%3A1250226011&rnid=1250225011&s=books&sr=1-254,B07ZPDRVYF
Sacred Space: The Prayer Book 2021,$15.29,5.0 out of 5 stars,14,Empty,Empty,https://www.amazon.com//Sacred-Space-Prayer-Book-2021/dp/0829450165/ref=sr_1_255?dchild=1&fst=as%3Aoff&qid=1605801249&refinements=p_n_publication_date%3A1250226011&rnid=1250225011&s=books&sr=1-255,0829450165
How to Keep House While Drowning: 31 days of compassionate help,$0.00,5.0 out of 5 stars,49,"in Cleaning, Caretaking & Relocating How-to",Best Seller,https://www.amazon.com//Keep-House-While-Drowning-compassionate-ebook/dp/B08MD9T8XD/ref=sr_1_256?dchild=1&fst=as%3Aoff&qid=1605801249&refinements=p_n_publication_date%3A1250226011&rnid=1250225011&s=books&sr=1-256,B08MD9T8XD
